TradeID,Date,Stock,Sector,Industry,Signal,Reason,Confidence,EntryPrice,CurrentPrice,Highest,Lowest,EMA20,EMA50,EMA200,RSI,MACD,ADX,ATR,VolumeRatio,RelativeStrength,MomentumIndicators,VolatilityIndicator,VolumeIndicators,BreakoutIndicators,IchimokuIndicators,PatternIndicators,Breakout,Pullback,score,probability,confidence,ranking,SELL score 00.00,SELL Confidence 00.00,SELL Passed 0/0,SELL  probability  %,BUT score 00.00,BUT Confidence 00.00,BUT Passed 0/0,BUT  probability  %,portfolio_allowed,latest_close,market_regime,Decision=NO_TRADE/TRADE,Grade=ACCEPT/REJECT,Rank=0.00,Confidence=0.00,PositionSize,PositionRULE,StopLoss,Target1,Target2,RiskReward,ExpectedHoldDays,HoldingDays,Return,MaxProfit,MaxDrawdown,TechnicalScore,FundamentalScore,NewsScore,OverallScore,Status,ExitReason,ExitDate,AIComment,AIVersion,ANALYSIS REPORT,LEARNIG,OPTIMER,BACKTESET,BuyTier1Passed,BuyTier1Detail,BuyTier2Score,BuyTier3Score,BuyOverallScore,BuyThreshold,SellTier1Passed,SellTier1Detail,SellTier2Score,SellTier3Score,SellOverallScore,SellThreshold,Tier4Block
1,2026-07-15,RELIANCE.NS,Energy,Oil & Gas Refining & Marketing,NO_TRADE,"BUY engine validation failed (combined score 48.3, need 65). | SELL engine validation failed (combined score 68.6, need 65). | BUY Strength : 47.80 | SELL Strength : 76.92 | Neither BUY nor SELL satisfied minimum requirements. | Trade Grade : REJECT | Decision Quality : 63.20 |  | ========== AI DECISION ========== | Final Action : NO_TRADE | AI rejected the trade due to insufficient conviction. |  | BUY Score : 48.74 | SELL Score : 68.01 | BUY Probability : 46.85% | SELL Probability : 85.83% | R",49.47,1293.0,1293.0,1611.8,1253.2,1303.71,1323.04,1389.68,43.45,-7.52,25.84,19.55,1.07,0.99,RSI:43.45 STOCH:37.94 ADX:25.84,ATR:19.55,CMF:-0.3 MFI:35.86 VolRatio:1.07,NO,BEAR,NONE,NO,NO,68.01,85.83,49.47,76.92,68.01,49.17,26 of 39,85.83,48.74,49.47,11 of 39,46.85,False,1293.0,BEAR,NO_TRADE,REJECT,76.92,49.47,0,Validation failed.,1253.9,1332.1,1361.42,1.0,0,,,,,80.0,61.59,100.0,68.01,,,,Trade Grade : REJECT,v1.0,,,,,False,ema_alignment=False; market_trend=False; sma_alignment=False,27.27,67.62,49.47,58.0,True,ema_alignment=True; market_trend=True; sma_alignment=True,69.7,32.38,49.17,58.0,Validation failed.
2,2026-07-15,TCS.NS,Technology,Information Technology Services,NO_TRADE,"BUY engine validation failed (combined score 59.6, need 65). | SELL engine validation failed (combined score 62.3, need 65). | BUY Strength : 57.40 | SELL Strength : 72.72 | Neither BUY nor SELL satisfied minimum requirements. | Trade Grade : REJECT | Decision Quality : 68.81 |  | ========== AI DECISION ========== | Final Action : NO_TRADE | AI rejected the trade due to insufficient conviction. |  | BUY Score : 54.27 | SELL Score : 64.48 | BUY Probability : 60.52% | SELL Probability : 80.97% | R",64.89,2200.6,2200.6,3350.0,1976.8,2118.49,2210.78,2610.59,58.88,-24.08,32.91,64.08,1.76,1.05,RSI:58.88 STOCH:89.09 ADX:32.91,ATR:64.08,CMF:-0.02 MFI:66.7 VolRatio:1.76,NO,BEAR,NONE,NO,NO,64.48,80.97,64.89,72.72,64.48,37.84,17 of 39,80.97,54.27,64.89,23 of 39,60.52,False,2200.6,BEAR,NO_TRADE,REJECT,72.72,64.89,0,Validation failed.,2072.44,2328.76,2424.88,1.0,0,,,,,65.0,58.48,100.0,64.48,,,,Trade Grade : REJECT,v1.0,,,,,False,ema_alignment=False; market_trend=False; sma_alignment=False,63.64,65.91,64.89,58.0,True,ema_alignment=True; market_trend=True; sma_alignment=True,42.42,34.09,37.84,58.0,Validation failed.
3,2026-07-15,HDFCBANK.NS,Financial Services,Banks - Regional,NO_TRADE,"BUY engine validation failed (combined score 62.4, need 65). | SELL engine validation failed (combined score 45.7, need 65). | BUY Strength : 63.97 | SELL Strength : 49.92 | Neither BUY nor SELL satisfied minimum requirements. | Trade Grade : REJECT | Decision Quality : 61.32 |  | ========== AI DECISION ========== | Final Action : NO_TRADE | AI rejected the trade due to insufficient conviction. |  | BUY Score : 58.30 | SELL Score : 49.95 | BUY Probability : 69.64% | SELL Probability : 49.88% | R",58.67,809.4,809.4,1020.5,726.65,802.18,792.87,859.49,58.77,12.18,46.1,13.66,0.74,1.01,RSI:58.77 STOCH:33.13 ADX:46.1,ATR:13.66,CMF:-0.14 MFI:68.28 VolRatio:0.74,NO,BULL,NONE,NO,NO,58.3,69.64,58.67,63.97,49.95,35.88,13 of 39,49.88,58.3,58.67,17 of 39,69.64,False,809.4,SIDEWAYS,NO_TRADE,REJECT,63.97,58.67,0,Validation failed.,782.08,836.72,857.21,1.0,0,,,,,30.0,53.64,100.0,58.3,,,,Trade Grade : REJECT,v1.0,,,,,False,ema_alignment=False; market_trend=False; sma_alignment=False,48.48,67.0,58.67,58.0,False,ema_alignment=False; market_trend=False; sma_alignment=False,39.39,33.0,35.88,58.0,Validation failed.
4,2026-07-15,ICICIBANK.NS,Financial Services,Banks - Regional,NO_TRADE,"BUY engine validation failed (combined score 53.5, need 65). | SELL engine validation failed (combined score 52.9, need 65). | BUY Strength : 54.56 | SELL Strength : 63.31 | Neither BUY nor SELL satisfied minimum requirements. | Trade Grade : REJECT | Decision Quality : 57.12 |  | ========== AI DECISION ========== | Final Action : NO_TRADE | AI rejected the trade due to insufficient conviction. |  | BUY Score : 52.62 | SELL Score : 57.88 | BUY Probability : 56.51% | SELL Probability : 68.74% | R",50.94,nan,nan,1500.0,1187.6,1374.88,1338.39,1344.61,nan,26.78,47.63,24.04,1.2,nan,RSI:nan STOCH:nan ADX:47.63,ATR:24.04,CMF:-0.06 MFI:55.65 VolRatio:1.2,NO,NEUTRAL,NONE,NO,NO,57.88,68.74,50.94,63.31,57.88,28.6,10 of 39,68.74,52.62,50.94,10 of 39,56.51,False,nan,SIDEWAYS,NO_TRADE,REJECT,63.31,50.94,0,Validation failed.,nan,nan,nan,nan,0,,,,,45.0,64.16,100.0,57.88,,,,Trade Grade : REJECT,v1.0,,,,,False,ema_alignment=False; market_trend=False; sma_alignment=False,24.24,72.79,50.94,58.0,False,ema_alignment=False; market_trend=False; sma_alignment=False,30.3,27.21,28.6,58.0,Validation failed.
5,2026-07-15,INFY.NS,Technology,Information Technology Services,NO_TRADE,"BUY engine validation failed (combined score 54.4, need 65). | SELL engine validation failed (combined score 53.0, need 65). | BUY Strength : 51.05 | SELL Strength : 61.34 | Neither BUY nor SELL satisfied minimum requirements. | Trade Grade : REJECT | Decision Quality : 61.80 |  | ========== AI DECISION ========== | Final Action : NO_TRADE | AI rejected the trade due to insufficient conviction. |  | BUY Score : 50.60 | SELL Score : 56.65 | BUY Probability : 51.50% | SELL Probability : 66.04% | R",62.25,1092.9,1092.9,1728.0,982.4,1075.0,1124.36,1313.85,57.25,-15.5,34.99,31.36,0.99,1.03,RSI:57.25 STOCH:83.4 ADX:34.99,ATR:31.36,CMF:-0.19 MFI:57.61 VolRatio:0.99,NO,BEAR,NONE,NO,NO,56.65,66.04,62.25,61.34,56.65,33.65,17 of 39,66.04,50.6,62.25,18 of 39,51.5,False,1092.9,BEAR,NO_TRADE,REJECT,61.34,62.25,0,Validation failed.,1030.18,1155.62,1202.66,1.0,0,,,,,55.0,72.31,100.0,56.65,,,,Trade Grade : REJECT,v1.0,,,,,False,ema_alignment=False; market_trend=False; sma_alignment=False,48.48,73.52,62.25,58.0,True,ema_alignment=True; market_trend=True; sma_alignment=True,42.42,26.48,33.65,58.0,Validation failed.
6,2026-07-15,HINDUNILVR.NS,Consumer Defensive,Household & Personal Products,NO_TRADE,"BUY engine validation failed (combined score 39.7, need 65). | SELL engine validation failed (combined score 76.0, need 65). | BUY Strength : 37.98 | SELL Strength : 84.39 | Neither BUY nor SELL satisfied minimum requirements. | Trade Grade : REJECT | Decision Quality : 70.40 |  | ========== AI DECISION ========== | Final Action : NO_TRADE | AI rejected the trade due to insufficient conviction. |  | BUY Score : 42.93 | SELL Score : 75.82 | BUY Probability : 33.03% | SELL Probability : 92.97% | R",56.4,2120.2,2120.2,2750.0,2022.5,2162.56,2180.86,2287.91,43.73,-9.89,16.65,38.9,1.61,0.98,RSI:43.73 STOCH:4.8 ADX:16.65,ATR:38.9,CMF:-0.19 MFI:48.14 VolRatio:1.61,NO,BEAR,NONE,NO,NO,75.82,92.97,56.4,84.39,75.82,56.4,29 of 39,92.97,42.93,43.6,8 of 39,33.03,False,2120.2,BEAR,NO_TRADE,REJECT,84.39,56.4,0,Validation failed.,2042.4,2198.0,2256.35,1.0,0,,,,,95.0,51.22,100.0,75.82,,,,Trade Grade : REJECT,v1.0,,,,,False,ema_alignment=False; market_trend=False; sma_alignment=False,21.21,61.92,43.6,58.0,True,ema_alignment=True; market_trend=True; sma_alignment=True,78.79,38.08,56.4,58.0,Validation failed.
7,2026-07-15,ITC.NS,Consumer Defensive,Tobacco,NO_TRADE,"BUY engine validation failed (combined score 38.7, need 65). | SELL engine validation failed (combined score 77.1, need 65). | BUY Strength : 37.20 | SELL Strength : 85.40 | Neither BUY nor SELL satisfied minimum requirements. | Trade Grade : REJECT | Decision Quality : 71.57 |  | ========== AI DECISION ========== | Final Action : NO_TRADE | AI rejected the trade due to insufficient conviction. |  | BUY Score : 42.44 | SELL Score : 77.06 | BUY Probability : 31.95% | SELL Probability : 93.74% | R",57.74,275.55,275.55,427.0,275.0,285.69,291.6,330.14,22.39,-3.15,48.04,3.7,1.24,0.96,RSI:22.39 STOCH:3.19 ADX:48.04,ATR:3.7,CMF:-0.31 MFI:25.93 VolRatio:1.24,NO,BEAR,NONE,NO,NO,77.06,93.74,57.74,85.4,77.06,57.74,30 of 39,93.74,42.44,42.26,7 of 39,31.95,False,275.55,BEAR,NO_TRADE,REJECT,85.4,57.74,0,Validation failed.,268.15,282.95,288.5,1.0,0,,,,,100.0,51.29,100.0,77.06,,,,Trade Grade : REJECT,v1.0,,,,,False,ema_alignment=False; market_trend=False; sma_alignment=False,18.18,61.96,42.26,58.0,True,ema_alignment=True; market_trend=True; sma_alignment=True,81.82,38.04,57.74,58.0,Validation failed.
8,2026-07-15,SBIN.NS,Financial Services,Banks - Regional,NO_TRADE,"BUY engine validation failed (combined score 61.9, need 65). | SELL engine validation failed (combined score 61.0, need 65). | BUY Strength : 67.36 | SELL Strength : 68.30 | Neither BUY nor SELL satisfied minimum requirements. | Trade Grade : REJECT | Decision Quality : 58.72 |  | ========== AI DECISION ========== | Final Action : NO_TRADE | AI rejected the trade due to insufficient conviction. |  | BUY Score : 60.55 | SELL Score : 61.20 | BUY Probability : 74.17% | SELL Probability : 75.40% | R",49.13,1015.4,1015.4,1234.7,786.55,1027.74,1024.64,999.8,42.68,4.62,20.12,18.32,1.14,0.98,RSI:42.68 STOCH:8.26 ADX:20.12,ATR:18.32,CMF:-0.2 MFI:44.47 VolRatio:1.14,NO,NEUTRAL,NONE,NO,NO,61.2,75.4,49.13,68.3,61.2,44.05,19 of 39,75.4,60.55,49.13,11 of 39,74.17,False,1015.4,SIDEWAYS,NO_TRADE,REJECT,68.3,49.13,0,Validation failed.,978.76,1052.04,1079.52,1.0,0,,,,,50.0,53.65,100.0,61.2,,,,Trade Grade : REJECT,v1.0,,,,,False,ema_alignment=True; market_trend=False; sma_alignment=False,27.27,67.01,49.13,58.0,False,ema_alignment=False; market_trend=False; sma_alignment=False,57.58,32.99,44.05,58.0,Validation failed.
9,2026-07-15,BHARTIARTL.NS,Communication Services,Telecom Services,NO_TRADE,"BUY engine validation failed (combined score 73.0, need 65). | SELL engine validation failed (combined score 49.5, need 65). | BUY Strength : 76.18 | SELL Strength : 57.19 | Neither BUY nor SELL satisfied minimum requirements. | Trade Grade : REJECT | Decision Quality : 70.92 |  | ========== AI DECISION ========== | Final Action : NO_TRADE | AI rejected the trade due to insufficient conviction. |  | BUY Score : 67.35 | SELL Score : 54.15 | BUY Probability : 85.01% | SELL Probability : 60.23% | R",65.66,1936.5,1936.5,2174.5,1740.5,1891.04,1872.53,1909.97,61.14,19.72,26.86,35.89,1.04,1.02,RSI:61.14 STOCH:77.8 ADX:26.86,ATR:35.89,CMF:0.05 MFI:55.17 VolRatio:1.04,NO,BULL,BULLISH_ENGULFING,NO,YES,67.35,85.01,65.66,76.18,54.15,31.61,8 of 39,60.23,67.35,65.66,25 of 39,85.01,False,1936.5,SIDEWAYS,NO_TRADE,REJECT,76.18,65.66,0,Validation failed.,1864.72,2008.28,2062.11,1.0,0,,,,,30.0,40.69,100.0,67.35,,,,Trade Grade : REJECT,v1.0,,,,,False,ema_alignment=False; market_trend=False; sma_alignment=False,72.73,59.88,65.66,58.0,False,ema_alignment=False; market_trend=False; sma_alignment=False,21.21,40.12,31.61,58.0,Validation failed.
10,2026-07-15,BAJFINANCE.NS,Financial Services,Credit Services,NO_TRADE,"BUY engine validation failed (combined score 64.1, need 65). | SELL engine validation failed (combined score 42.3, need 65). | BUY Strength : 65.77 | SELL Strength : 46.98 | Neither BUY nor SELL satisfied minimum requirements. | Trade Grade : REJECT | Decision Quality : 63.03 |  | ========== AI DECISION ========== | Final Action : NO_TRADE | AI rejected the trade due to insufficient conviction. |  | BUY Score : 59.48 | SELL Score : 48.27 | BUY Probability : 72.07% | SELL Probability : 45.69% | R",60.29,1006.6,1006.6,1102.5,787.9,994.66,962.6,949.69,55.19,23.14,72.12,23.72,0.76,1.01,RSI:55.19 STOCH:40.34 ADX:72.12,ATR:23.72,CMF:0.06 MFI:71.5 VolRatio:0.76,NO,BULL,NONE,NO,NO,59.48,72.07,60.29,65.77,48.27,31.52,11 of 39,45.69,59.48,60.29,22 of 39,72.07,False,1006.6,BULL,NO_TRADE,REJECT,65.77,60.29,0,Validation failed.,959.16,1054.04,1089.62,1.0,0,,,,,20.0,43.18,100.0,59.48,,,,Trade Grade : REJECT,v1.0,,,,,True,ema_alignment=True; market_trend=True; sma_alignment=False,54.55,65.0,60.29,58.0,False,ema_alignment=False; market_trend=False; sma_alignment=False,27.27,35.0,31.52,58.0,Validation failed.
11,2026-07-15,KOTAKBANK.NS,Financial Services,Banks - Regional,NO_TRADE,"BUY engine validation failed (combined score 36.5, need 65). | SELL engine validation failed (combined score 67.0, need 65). | BUY Strength : 34.25 | SELL Strength : 73.01 | Neither BUY nor SELL satisfied minimum requirements. | Trade Grade : REJECT | Decision Quality : 62.98 |  | ========== AI DECISION ========== | Final Action : NO_TRADE | AI rejected the trade due to insufficient conviction. |  | BUY Score : 40.54 | SELL Score : 64.71 | BUY Probability : 27.97% | SELL Probability : 81.32% | R",52.95,378.65,378.65,453.2,345.5,388.1,388.95,400.63,32.87,-3.57,34.06,8.5,0.92,0.96,RSI:32.87 STOCH:22.58 ADX:34.06,ATR:8.5,CMF:-0.15 MFI:39.33 VolRatio:0.92,NO,NEUTRAL,NONE,NO,NO,64.71,81.32,52.95,73.01,64.71,52.95,26 of 39,81.32,40.54,41.6,6 of 39,27.97,False,378.65,BEAR,NO_TRADE,REJECT,73.01,52.95,0,Validation failed.,361.65,395.65,408.4,1.0,0,,,,,70.0,53.61,100.0,64.71,,,,Trade Grade : REJECT,v1.0,,,,,False,ema_alignment=False; market_trend=False; sma_alignment=False,15.15,63.24,41.6,58.0,True,ema_alignment=True; market_trend=True; sma_alignment=False,72.73,36.76,52.95,58.0,Validation failed.
12,2026-07-15,LT.NS,Industrials,Engineering & Construction,NO_TRADE,"BUY engine validation failed (combined score 57.9, need 65). | SELL engine validation failed (combined score 66.6, need 65). | BUY Strength : 62.63 | SELL Strength : 74.66 | Neither BUY nor SELL satisfied minimum requirements. | Trade Grade : REJECT | Decision Quality : 61.25 |  | ========== AI DECISION ========== | Final Action : NO_TRADE | AI rejected the trade due to insufficient conviction. |  | BUY Score : 57.45 | SELL Score : 66.05 | BUY Probability : 67.81% | SELL Probability : 83.27% | R",47.84,3848.7,3848.7,4440.0,3288.1,4012.77,4016.46,3919.67,19.77,-41.42,53.12,73.32,1.26,0.94,RSI:19.77 STOCH:1.33 ADX:53.12,ATR:73.32,CMF:-0.35 MFI:15.43 VolRatio:1.26,NO,NEUTRAL,NONE,NO,NO,66.05,83.27,47.84,74.66,66.05,47.84,22 of 39,83.27,57.45,46.71,9 of 39,67.81,False,3848.7,SIDEWAYS,NO_TRADE,REJECT,74.66,47.84,0,Validation failed.,3702.06,3995.34,4105.32,1.0,0,,,,,65.0,54.67,100.0,66.05,,,,Trade Grade : REJECT,v1.0,,,,,False,ema_alignment=False; market_trend=False; sma_alignment=True,21.21,67.57,46.71,58.0,False,ema_alignment=False; market_trend=False; sma_alignment=False,66.67,32.43,47.84,58.0,Validation failed.
13,2026-07-15,HCLTECH.NS,Technology,Information Technology Services,NO_TRADE,"BUY engine validation failed (combined score 53.6, need 65). | SELL engine validation failed (combined score 61.2, need 65). | BUY Strength : 51.38 | SELL Strength : 72.06 | Neither BUY nor SELL satisfied minimum requirements. | Trade Grade : REJECT | Decision Quality : 65.40 |  | ========== AI DECISION ========== | Final Action : NO_TRADE | AI rejected the trade due to insufficient conviction. |  | BUY Score : 50.79 | SELL Score : 63.96 | BUY Probability : 51.97% | SELL Probability : 80.15% | R",58.75,1166.7,1166.7,1780.1,1030.0,1142.97,1172.73,1358.06,56.96,4.94,22.83,41.67,2.04,1.03,RSI:56.96 STOCH:66.04 ADX:22.83,ATR:41.67,CMF:-0.0 MFI:57.58 VolRatio:2.04,NO,BEAR,NONE,NO,NO,63.96,80.15,58.75,72.06,63.96,35.79,17 of 39,80.15,50.79,58.75,17 of 39,51.97,False,1166.7,BEAR,NO_TRADE,REJECT,72.06,58.75,0,Validation failed.,1083.36,1250.04,1312.55,1.0,0,,,,,65.0,65.24,100.0,63.96,,,,Trade Grade : REJECT,v1.0,,,,,False,ema_alignment=False; market_trend=False; sma_alignment=False,45.45,69.63,58.75,58.0,True,ema_alignment=True; market_trend=True; sma_alignment=True,42.42,30.37,35.79,58.0,Validation failed.
14,2026-07-15,AXISBANK.NS,Financial Services,Banks - Regional,NO_TRADE,"BUY engine validation failed (combined score 64.0, need 65). | SELL engine validation failed (combined score 57.9, need 65). | BUY Strength : 69.83 | SELL Strength : 62.64 | Neither BUY nor SELL satisfied minimum requirements. | Trade Grade : REJECT | Decision Quality : 60.16 |  | ========== AI DECISION ========== | Final Action : NO_TRADE | AI rejected the trade due to insufficient conviction. |  | BUY Score : 62.29 | SELL Score : 57.46 | BUY Probability : 77.36% | SELL Probability : 67.83% | R",50.48,1317.6,1317.6,1418.3,1042.5,1332.64,1320.87,1276.4,30.08,-0.42,40.44,27.09,1.11,0.98,RSI:30.08 STOCH:23.54 ADX:40.44,ATR:27.09,CMF:-0.29 MFI:29.67 VolRatio:1.11,NO,BULL,NONE,NO,NO,62.29,77.36,50.48,69.83,57.46,46.79,21 of 39,67.83,62.29,50.48,13 of 39,77.36,False,1317.6,SIDEWAYS,NO_TRADE,REJECT,69.83,50.48,0,Validation failed.,1263.42,1371.78,1412.41,1.0,0,,,,,45.0,53.63,100.0,62.29,,,,Trade Grade : REJECT,v1.0,,,,,True,ema_alignment=True; market_trend=False; sma_alignment=True,30.3,67.0,50.48,58.0,False,ema_alignment=False; market_trend=False; sma_alignment=False,63.64,33.0,46.79,58.0,Validation failed.
15,2026-07-15,ASIANPAINT.NS,Basic Materials,Specialty Chemicals,NO_TRADE,"BUY engine validation failed (combined score 45.7, need 65). | SELL engine validation failed (combined score 42.5, need 65). | BUY Strength : 46.82 | SELL Strength : 49.69 | Neither BUY nor SELL satisfied minimum requirements. | Trade Grade : REJECT | Decision Quality : 46.31 |  | ========== AI DECISION ========== | Final Action : NO_TRADE | AI rejected the trade due to insufficient conviction. |  | BUY Score : 48.18 | SELL Score : 49.82 | BUY Probability : 45.46% | SELL Probability : 49.55% | R",42.93,nan,nan,2985.7,2115.0,2687.32,2640.75,2552.54,nan,7.33,15.31,51.56,0.82,nan,RSI:nan STOCH:nan ADX:15.31,ATR:51.56,CMF:-0.23 MFI:60.06 VolRatio:0.82,NO,NEUTRAL,NONE,NO,NO,49.82,49.55,42.93,49.69,49.82,25.7,5 of 39,49.55,48.18,42.93,7 of 39,45.46,False,nan,SIDEWAYS,NO_TRADE,REJECT,49.69,42.93,0,Validation failed.,nan,nan,nan,nan,0,,,,,20.0,51.21,100.0,49.82,,,,Trade Grade : REJECT,v1.0,,,,,False,ema_alignment=True; market_trend=False; sma_alignment=False,15.15,65.67,42.93,58.0,False,ema_alignment=False; market_trend=False; sma_alignment=False,15.15,34.33,25.7,58.0,Validation failed.
16,2026-07-15,MARUTI.NS,Consumer Cyclical,Auto Manufacturers,NO_TRADE,"BUY engine validation failed (combined score 48.9, need 65). | SELL engine validation failed (combined score 49.8, need 65). | BUY Strength : 48.17 | SELL Strength : 54.01 | Neither BUY nor SELL satisfied minimum requirements. | Trade Grade : REJECT | Decision Quality : 52.28 |  | ========== AI DECISION ========== | Final Action : NO_TRADE | AI rejected the trade due to insufficient conviction. |  | BUY Score : 48.95 | SELL Score : 52.30 | BUY Probability : 47.38% | SELL Probability : 55.72% | R",50.54,13489.0,13489.0,17370.0,12201.0,13799.24,13624.15,13991.4,53.6,120.39,18.62,358.86,0.65,0.98,RSI:53.6 STOCH:12.81 ADX:18.62,ATR:358.86,CMF:-0.1 MFI:64.7 VolRatio:0.65,NO,BULL,NONE,NO,NO,52.3,55.72,50.54,54.01,52.3,39.92,19 of 39,55.72,48.95,50.54,10 of 39,47.38,False,13489.0,BEAR,NO_TRADE,REJECT,54.01,50.54,0,Validation failed.,12771.28,14206.72,14745.01,1.0,0,,,,,50.0,69.64,100.0,52.3,,,,Trade Grade : REJECT,v1.0,,,,,False,ema_alignment=False; market_trend=False; sma_alignment=False,24.24,72.05,50.54,58.0,False,ema_alignment=False; market_trend=True; sma_alignment=False,54.55,27.95,39.92,58.0,Validation failed.
17,2026-07-15,SUNPHARMA.NS,Healthcare,Drug Manufacturers - Specialty & Generic,BUY,"BUY engine validation passed (combined score 82.0). | SELL engine validation failed (combined score 35.9, need 65). | BUY Strength : 84.72 | SELL Strength : 41.42 | BUY engine selected. | Trade Grade : B+ | Decision Quality : 83.72 |  | ========== AI DECISION ========== | Final Action : BUY | AI selected BUY after evaluating all engines. |  | BUY Explanation: | Bullish EMA alignment. | Bullish SMA alignment. | Price above EMA20. | Price above VWAP. | Supertrend is bullish. | Price above Ichimoku",82.73,1942.6,1942.6,1953.9,1548.0,1886.9,1846.7,1768.64,67.07,28.95,73.78,32.49,1.45,1.03,RSI:67.07 STOCH:88.47 ADX:73.78,ATR:32.49,CMF:0.0 MFI:56.67 VolRatio:1.45,NO,BULL,BULLISH_ENGULFING,NO,NO,76.22,93.23,82.73,84.72,45.03,22.9,7 of 39,37.82,76.22,75.73,32 of 39,93.23,True,1942.6,BULL,BUY,ACCEPT,84.72,82.73,4,OK,1877.62,2007.58,2056.32,1.0,15,,,,,85.0,58.15,100.0,76.22,WATCH,,,Trade Grade : B+,v1.0,,,,,True,ema_alignment=True; market_trend=True; sma_alignment=True,78.79,73.23,75.73,58.0,False,ema_alignment=False; market_trend=False; sma_alignment=False,18.18,26.77,22.9,58.0,
18,2026-07-15,TITAN.NS,Consumer Cyclical,Luxury Goods,NO_TRADE,"BUY engine validation failed (combined score 58.9, need 65). | SELL engine validation failed (combined score 32.6, need 65). | BUY Strength : 62.25 | SELL Strength : 36.17 | Neither BUY nor SELL satisfied minimum requirements. | Trade Grade : REJECT | Decision Quality : 56.70 |  | ========== AI DECISION ========== | Final Action : NO_TRADE | AI rejected the trade due to insufficient conviction. |  | BUY Score : 57.21 | SELL Score : 41.79 | BUY Probability : 67.28% | SELL Probability : 30.56% | R",51.16,nan,nan,4679.8,3303.1,4435.86,4332.0,4088.05,nan,94.86,42.72,86.94,0.71,nan,RSI:nan STOCH:nan ADX:42.72,ATR:86.94,CMF:0.04 MFI:85.57 VolRatio:0.71,NO,NEUTRAL,NONE,NO,NO,57.21,67.28,51.16,62.25,41.79,24.29,4 of 39,30.56,57.21,51.16,13 of 39,67.28,False,nan,SIDEWAYS,NO_TRADE,REJECT,62.25,51.16,0,Validation failed.,nan,nan,nan,nan,0,,,,,0.0,51.37,100.0,57.21,,,,Trade Grade : REJECT,v1.0,,,,,False,ema_alignment=True; market_trend=False; sma_alignment=False,33.33,65.75,51.16,58.0,False,ema_alignment=False; market_trend=False; sma_alignment=False,12.12,34.25,24.29,58.0,Validation failed.
19,2026-07-15,ULTRACEMCO.NS,Basic Materials,Building Materials,NO_TRADE,"BUY engine validation failed (combined score 61.3, need 65). | SELL engine validation failed (combined score 47.3, need 65). | BUY Strength : 65.08 | SELL Strength : 56.05 | Neither BUY nor SELL satisfied minimum requirements. | Trade Grade : REJECT | Decision Quality : 58.84 |  | ========== AI DECISION ========== | Final Action : NO_TRADE | AI rejected the trade due to insufficient conviction. |  | BUY Score : 59.02 | SELL Score : 53.48 | BUY Probability : 71.14% | SELL Probability : 58.61% | R",52.59,nan,nan,13110.0,10325.0,11479.83,11477.1,11803.26,nan,64.02,21.61,190.64,1.83,nan,RSI:nan STOCH:nan ADX:21.61,ATR:190.64,CMF:-0.05 MFI:48.17 VolRatio:1.83,NO,NEUTRAL,NONE,NO,NO,59.02,71.14,52.59,65.08,53.48,26.95,9 of 39,58.61,59.02,52.59,11 of 39,71.14,False,nan,SIDEWAYS,NO_TRADE,REJECT,65.08,52.59,0,Validation failed.,nan,nan,nan,nan,0,,,,,30.0,65.11,100.0,59.02,,,,Trade Grade : REJECT,v1.0,,,,,False,ema_alignment=False; market_trend=False; sma_alignment=False,27.27,73.31,52.59,58.0,False,ema_alignment=False; market_trend=False; sma_alignment=False,27.27,26.69,26.95,58.0,Validation failed.
20,2026-07-15,WIPRO.NS,Technology,Information Technology Services,NO_TRADE,"BUY engine validation failed (combined score 49.3, need 65). | SELL engine validation failed (combined score 55.6, need 65). | BUY Strength : 46.95 | SELL Strength : 61.91 | Neither BUY nor SELL satisfied minimum requirements. | Trade Grade : REJECT | Decision Quality : 58.42 |  | ========== AI DECISION ========== | Final Action : NO_TRADE | AI rejected the trade due to insufficient conviction. |  | BUY Score : 48.25 | SELL Score : 57.00 | BUY Probability : 45.64% | SELL Probability : 66.82% | R",54.94,177.14,177.14,273.1,169.0,177.34,185.18,212.51,55.87,-3.34,34.43,3.57,0.64,1.01,RSI:55.87 STOCH:70.78 ADX:34.43,ATR:3.57,CMF:-0.06 MFI:60.29 VolRatio:0.64,NO,BEAR,NONE,NO,NO,57.0,66.82,54.94,61.91,57.0,40.97,20 of 39,66.82,48.25,54.94,15 of 39,45.64,False,177.14,BEAR,NO_TRADE,REJECT,61.91,54.94,0,Validation failed.,170.0,184.28,189.63,1.0,0,,,,,55.0,61.65,100.0,57.0,,,,Trade Grade : REJECT,v1.0,,,,,False,ema_alignment=False; market_trend=False; sma_alignment=False,39.39,67.66,54.94,58.0,True,ema_alignment=True; market_trend=True; sma_alignment=True,51.52,32.34,40.97,58.0,Validation failed.
21,2026-07-15,NESTLEIND.NS,Consumer Defensive,Packaged Foods,NO_TRADE,"BUY engine validation failed (combined score 63.3, need 65). | SELL engine validation failed (combined score 42.1, need 65). | BUY Strength : 68.39 | SELL Strength : 48.67 | Neither BUY nor SELL satisfied minimum requirements. | Trade Grade : REJECT | Decision Quality : 59.84 |  | ========== AI DECISION ========== | Final Action : NO_TRADE | AI rejected the trade due to insufficient conviction. |  | BUY Score : 61.26 | SELL Score : 49.24 | BUY Probability : 75.51% | SELL Probability : 48.10% | R",51.28,nan,nan,1498.1,1084.7,1432.71,1409.65,1323.79,nan,13.09,37.72,29.23,1.03,nan,RSI:nan STOCH:nan ADX:37.72,ATR:29.23,CMF:-0.12 MFI:63.34 VolRatio:1.03,NO,NEUTRAL,NONE,NO,NO,61.26,75.51,51.28,68.39,49.24,26.9,6 of 39,48.1,61.26,51.28,13 of 39,75.51,False,nan,SIDEWAYS,NO_TRADE,REJECT,68.39,51.28,0,Validation failed.,nan,nan,nan,nan,0,,,,,15.0,51.76,100.0,61.26,,,,Trade Grade : REJECT,v1.0,,,,,False,ema_alignment=True; market_trend=False; sma_alignment=False,33.33,65.97,51.28,58.0,False,ema_alignment=False; market_trend=False; sma_alignment=False,18.18,34.03,26.9,58.0,Validation failed.
22,2026-07-15,ONGC.NS,Energy,Oil & Gas Integrated,NO_TRADE,"BUY engine validation failed (combined score 66.8, need 65). | SELL engine validation failed (combined score 48.7, need 65). | BUY Strength : 66.21 | SELL Strength : 57.75 | Neither BUY nor SELL satisfied minimum requirements. | Trade Grade : REJECT | Decision Quality : 67.24 |  | ========== AI DECISION ========== | Final Action : NO_TRADE | AI rejected the trade due to insufficient conviction. |  | BUY Score : 59.77 | SELL Score : 54.48 | BUY Probability : 72.65% | SELL Probability : 61.02% | R",68.26,248.9,248.9,307.5,227.65,245.67,256.09,259.65,65.14,-3.6,38.13,5.07,1.06,1.03,RSI:65.14 STOCH:87.27 ADX:38.13,ATR:5.07,CMF:0.1 MFI:61.62 VolRatio:1.06,NO,BEAR,NONE,NO,NO,59.77,72.65,68.26,66.21,54.48,27.64,10 of 39,61.02,59.77,68.26,24 of 39,72.65,False,248.9,BEAR,NO_TRADE,REJECT,66.21,68.26,0,Validation failed.,238.76,259.04,266.64,1.0,0,,,,,50.0,65.13,100.0,59.77,,,,Trade Grade : REJECT,v1.0,,,,,False,ema_alignment=False; market_trend=False; sma_alignment=False,66.67,69.57,68.26,58.0,True,ema_alignment=True; market_trend=True; sma_alignment=False,24.24,30.43,27.64,58.0,Validation failed.
23,2026-07-15,NTPC.NS,Utilities,Utilities - Regulated Electric,NO_TRADE,"BUY engine validation failed (combined score 51.1, need 65). | SELL engine validation failed (combined score 60.7, need 65). | BUY Strength : 52.97 | SELL Strength : 67.36 | Neither BUY nor SELL satisfied minimum requirements. | Trade Grade : REJECT | Decision Quality : 57.03 |  | ========== AI DECISION ========== | Final Action : NO_TRADE | AI rejected the trade due to insufficient conviction. |  | BUY Score : 51.70 | SELL Score : 60.55 | BUY Probability : 54.24% | SELL Probability : 74.17% | R",46.7,348.15,348.15,414.4,315.55,354.89,364.51,361.49,38.1,-5.57,20.28,6.11,0.69,0.98,RSI:38.1 STOCH:28.45 ADX:20.28,ATR:6.11,CMF:-0.04 MFI:48.06 VolRatio:0.69,NO,BEAR,NONE,NO,NO,60.55,74.17,46.7,67.36,60.55,45.12,20 of 39,74.17,51.7,46.7,8 of 39,54.24,False,348.15,SIDEWAYS,NO_TRADE,REJECT,67.36,46.7,0,Validation failed.,335.93,360.37,369.53,1.0,0,,,,,55.0,54.64,100.0,60.55,,,,Trade Grade : REJECT,v1.0,,,,,False,ema_alignment=False; market_trend=False; sma_alignment=False,21.21,67.55,46.7,58.0,False,ema_alignment=False; market_trend=False; sma_alignment=False,60.61,32.45,45.12,58.0,Validation failed.
24,2026-07-15,POWERGRID.NS,Utilities,Utilities - Regulated Electric,NO_TRADE,"BUY engine validation failed (combined score 41.8, need 65). | SELL engine validation failed (combined score 59.1, need 65). | BUY Strength : 38.82 | SELL Strength : 67.72 | Neither BUY nor SELL satisfied minimum requirements. | Trade Grade : REJECT | Decision Quality : 58.22 |  | ========== AI DECISION ========== | Final Action : NO_TRADE | AI rejected the trade due to insufficient conviction. |  | BUY Score : 43.45 | SELL Score : 60.80 | BUY Probability : 34.19% | SELL Probability : 74.65% | R",48.73,286.15,286.15,324.95,250.0,286.16,290.54,290.72,40.95,-2.03,18.79,4.25,0.84,1.0,RSI:40.95 STOCH:54.3 ADX:18.79,ATR:4.25,CMF:0.01 MFI:68.31 VolRatio:0.84,NO,BEAR,NONE,NO,NO,60.8,74.65,48.73,67.72,60.8,38.99,16 of 39,74.65,43.45,48.73,11 of 39,34.19,False,286.15,BEAR,NO_TRADE,REJECT,67.72,48.73,0,Validation failed.,277.65,294.65,301.02,1.0,0,,,,,60.0,54.66,100.0,60.8,,,,Trade Grade : REJECT,v1.0,,,,,False,ema_alignment=False; market_trend=False; sma_alignment=False,30.3,63.81,48.73,58.0,True,ema_alignment=True; market_trend=True; sma_alignment=False,42.42,36.19,38.99,58.0,Validation failed.
25,2026-07-15,M&M.NS,Consumer Cyclical,Auto Manufacturers,NO_TRADE,"BUY engine validation failed (combined score 38.0, need 65). | SELL engine validation failed (combined score 62.5, need 65). | BUY Strength : 34.70 | SELL Strength : 71.35 | Neither BUY nor SELL satisfied minimum requirements. | Trade Grade : REJECT | Decision Quality : 58.60 |  | ========== AI DECISION ========== | Final Action : NO_TRADE | AI rejected the trade due to insufficient conviction. |  | BUY Score : 40.83 | SELL Score : 63.42 | BUY Probability : 28.56% | SELL Probability : 79.28% | R",45.85,3093.3,3093.3,3839.9,2896.0,3118.96,3122.42,3253.42,52.06,10.54,8.72,75.59,0.88,0.99,RSI:52.06 STOCH:20.28 ADX:8.72,ATR:75.59,CMF:-0.17 MFI:51.87 VolRatio:0.88,NO,BEAR,NONE,NO,NO,63.42,79.28,45.85,71.35,63.42,41.87,22 of 39,79.28,40.83,45.85,6 of 39,28.56,False,3093.3,BEAR,NO_TRADE,REJECT,71.35,45.85,0,Validation failed.,2942.12,3244.48,3357.87,1.0,0,,,,,75.0,72.19,100.0,63.42,,,,Trade Grade : REJECT,v1.0,,,,,False,ema_alignment=False; market_trend=False; sma_alignment=False,12.12,73.45,45.85,58.0,True,ema_alignment=True; market_trend=True; sma_alignment=False,60.61,26.55,41.87,58.0,Validation failed.
26,2026-07-15,TATASTEEL.NS,Basic Materials,Steel,NO_TRADE,"BUY engine validation failed (combined score 56.0, need 65). | SELL engine validation failed (combined score 37.8, need 65). | BUY Strength : 58.66 | SELL Strength : 43.03 | Neither BUY nor SELL satisfied minimum requirements. | Trade Grade : REJECT | Decision Quality : 54.26 |  | ========== AI DECISION ========== | Final Action : NO_TRADE | AI rejected the trade due to insufficient conviction. |  | BUY Score : 55.02 | SELL Score : 45.98 | BUY Probability : 62.29% | SELL Probability : 40.08% | R",49.87,nan,nan,224.4,152.51,192.06,197.82,191.53,nan,-3.88,34.45,3.43,0.86,nan,RSI:nan STOCH:nan ADX:34.45,ATR:3.43,CMF:-0.15 MFI:40.46 VolRatio:0.86,NO,NEUTRAL,NONE,NO,NO,55.02,62.29,49.87,58.66,45.98,25.59,8 of 39,40.08,55.02,49.87,9 of 39,62.29,False,nan,SIDEWAYS,NO_TRADE,REJECT,58.66,49.87,0,Validation failed.,nan,nan,nan,nan,0,,,,,15.0,65.11,100.0,55.02,,,,Trade Grade : REJECT,v1.0,,,,,False,ema_alignment=False; market_trend=False; sma_alignment=False,21.21,73.31,49.87,58.0,False,ema_alignment=False; market_trend=False; sma_alignment=False,24.24,26.69,25.59,58.0,Validation failed.
27,2026-07-15,TMPV.NS,Consumer Cyclical,Auto Manufacturers,NO_TRADE,"BUY engine validation failed (combined score 30.1, need 65). | SELL engine validation failed (combined score 72.8, need 65). | BUY Strength : 26.44 | SELL Strength : 79.44 | Neither BUY nor SELL satisfied minimum requirements. | Trade Grade : REJECT | Decision Quality : 68.33 |  | ========== AI DECISION ========== | Final Action : NO_TRADE | AI rejected the trade due to insufficient conviction. |  | BUY Score : 34.85 | SELL Score : 70.40 | BUY Probability : 18.02% | SELL Probability : 88.49% | R",57.22,333.35,333.35,739.7,294.3,348.68,356.44,407.45,37.43,-9.19,39.48,8.16,0.57,0.96,RSI:37.43 STOCH:10.98 ADX:39.48,ATR:8.16,CMF:-0.31 MFI:43.94 VolRatio:0.57,NO,BEAR,NONE,NO,NO,70.4,88.49,57.22,79.44,70.4,57.22,29 of 39,88.49,34.85,38.69,6 of 39,18.02,False,333.35,BEAR,NO_TRADE,REJECT,79.44,57.22,0,Validation failed.,317.03,349.67,361.91,1.0,0,,,,,85.0,44.0,100.0,70.4,,,,Trade Grade : REJECT,v1.0,,,,,False,ema_alignment=False; market_trend=False; sma_alignment=False,15.15,57.95,38.69,58.0,True,ema_alignment=True; market_trend=True; sma_alignment=True,75.76,42.05,57.22,58.0,Validation failed.
28,2026-07-15,ADANIENT.NS,Energy,Thermal Coal,BUY,"BUY engine validation passed (combined score 71.1). | SELL engine validation failed (combined score 40.9, need 65). | BUY Strength : 73.19 | SELL Strength : 46.34 | BUY engine selected. | Trade Grade : B | Decision Quality : 72.81 |  | ========== AI DECISION ========== | Final Action : BUY | AI selected BUY after evaluating all engines. |  | BUY Explanation: | Bullish EMA alignment. | Bullish SMA alignment. | Price above EMA20. | Price above VWAP. | Supertrend is bullish. | Price above Ichimoku ",72.42,3188.9,3188.9,3245.0,1753.0,3081.9,2895.14,2531.12,58.98,75.3,15.73,87.21,0.91,1.03,RSI:58.98 STOCH:80.66 ADX:15.73,ATR:87.21,CMF:0.16 MFI:61.55 VolRatio:0.91,NO,BULL,NONE,NO,NO,64.85,81.53,72.42,73.19,47.9,28.2,8 of 39,44.77,64.85,66.34,28 of 39,81.53,True,3188.9,BULL,BUY,ACCEPT,73.19,72.42,2,OK,3014.48,3363.32,3494.14,1.0,10,,,,,60.0,40.64,100.0,64.85,WATCH,,,Trade Grade : B,v1.0,,,,,True,ema_alignment=True; market_trend=True; sma_alignment=True,69.7,63.6,66.34,58.0,False,ema_alignment=False; market_trend=False; sma_alignment=False,18.18,36.4,28.2,58.0,
29,2026-07-15,ADANIPORTS.NS,Industrials,Marine Shipping,BUY,"BUY engine validation passed (combined score 69.7). | SELL engine validation failed (combined score 43.9, need 65). | BUY Strength : 72.39 | SELL Strength : 50.49 | BUY engine selected. | Trade Grade : B | Decision Quality : 71.34 |  | ========== AI DECISION ========== | Final Action : BUY | AI selected BUY after evaluating all engines. |  | BUY Explanation: | Bullish EMA alignment. | Bullish SMA alignment. | Price above EMA20. | Price above VWAP. | Supertrend is bullish. | Price above Ichimoku ",70.3,1821.9,1821.9,1891.1,1290.5,1819.61,1774.13,1600.45,51.43,8.54,15.42,38.46,0.82,1.0,RSI:51.43 STOCH:42.62 ADX:15.42,ATR:38.46,CMF:-0.1 MFI:66.36 VolRatio:0.82,NO,BULL,NONE,NO,YES,64.22,80.57,70.3,72.39,50.28,28.36,11 of 39,50.7,64.22,63.46,23 of 39,80.57,True,1821.9,BULL,BUY,ACCEPT,72.39,70.3,3,OK,1744.98,1898.82,1956.51,1.0,10,,,,,50.0,58.16,100.0,64.22,WATCH,,,Trade Grade : B,v1.0,,,,,True,ema_alignment=True; market_trend=True; sma_alignment=True,51.52,73.24,63.46,58.0,False,ema_alignment=False; market_trend=False; sma_alignment=False,30.3,26.76,28.36,58.0,
30,2026-07-15,COALINDIA.NS,Energy,Thermal Coal,NO_TRADE,"BUY engine validation failed (combined score 59.3, need 65). | SELL engine validation failed (combined score 64.7, need 65). | BUY Strength : 61.25 | SELL Strength : 75.96 | Neither BUY nor SELL satisfied minimum requirements. | Trade Grade : REJECT | Decision Quality : 65.36 |  | ========== AI DECISION ========== | Final Action : NO_TRADE | AI rejected the trade due to insufficient conviction. |  | BUY Score : 56.59 | SELL Score : 67.16 | BUY Probability : 65.90% | SELL Probability : 84.76% | R",54.76,430.6,430.6,491.25,368.65,437.94,445.83,430.53,36.99,-6.75,21.95,7.57,1.11,0.98,RSI:36.99 STOCH:26.23 ADX:21.95,ATR:7.57,CMF:-0.12 MFI:50.25 VolRatio:1.11,NO,BEAR,NONE,NO,NO,67.16,84.76,54.76,75.96,67.16,38.42,19 of 39,84.76,56.59,54.76,11 of 39,65.9,False,430.6,SIDEWAYS,NO_TRADE,REJECT,75.96,54.76,0,Validation failed.,415.46,445.74,457.1,1.0,0,,,,,75.0,72.28,100.0,67.16,,,,Trade Grade : REJECT,v1.0,,,,,False,ema_alignment=False; market_trend=False; sma_alignment=False,27.27,77.25,54.76,58.0,False,ema_alignment=False; market_trend=False; sma_alignment=False,57.58,22.75,38.42,58.0,Validation failed.
31,2026-07-15,JSWSTEEL.NS,Basic Materials,Steel,NO_TRADE,"BUY engine validation failed (combined score 71.9, need 65). | SELL engine validation failed (combined score 38.7, need 65). | BUY Strength : 73.74 | SELL Strength : 44.28 | Neither BUY nor SELL satisfied minimum requirements. | Trade Grade : REJECT | Decision Quality : 70.69 |  | ========== AI DECISION ========== | Final Action : NO_TRADE | AI rejected the trade due to insufficient conviction. |  | BUY Score : 65.29 | SELL Score : 46.71 | BUY Probability : 82.19% | SELL Probability : 41.85% | R",67.64,1247.7,1247.7,1328.0,1017.4,1244.81,1252.25,1202.26,56.93,-9.1,28.39,22.16,0.76,1.0,RSI:56.93 STOCH:76.6 ADX:28.39,ATR:22.16,CMF:-0.03 MFI:63.02 VolRatio:0.76,NO,NEUTRAL,NONE,NO,YES,65.29,82.19,67.64,73.74,46.71,25.54,8 of 39,41.85,65.29,67.64,22 of 39,82.19,False,1247.7,SIDEWAYS,NO_TRADE,REJECT,73.74,67.64,0,Validation failed.,1203.38,1292.02,1325.26,1.0,0,,,,,20.0,65.27,100.0,65.29,,,,Trade Grade : REJECT,v1.0,,,,,False,ema_alignment=False; market_trend=False; sma_alignment=False,60.61,73.4,67.64,58.0,False,ema_alignment=False; market_trend=False; sma_alignment=False,24.24,26.6,25.54,58.0,Validation failed.
32,2026-07-15,BAJAJFINSV.NS,Financial Services,Financial Conglomerates,NO_TRADE,"BUY engine validation failed (combined score 58.3, need 65). | SELL engine validation failed (combined score 44.5, need 65). | BUY Strength : 61.54 | SELL Strength : 53.02 | Neither BUY nor SELL satisfied minimum requirements. | Trade Grade : REJECT | Decision Quality : 56.17 |  | ========== AI DECISION ========== | Final Action : NO_TRADE | AI rejected the trade due to insufficient conviction. |  | BUY Score : 56.77 | SELL Score : 51.73 | BUY Probability : 66.31% | SELL Probability : 54.31% | R",50.8,nan,nan,2195.0,1597.0,1831.02,1800.86,1877.95,nan,39.9,61.38,42.02,1.44,nan,RSI:nan STOCH:nan ADX:61.38,ATR:42.02,CMF:0.14 MFI:71.61 VolRatio:1.44,NO,NEUTRAL,NONE,NO,NO,56.77,66.31,50.8,61.54,51.73,24.66,4 of 39,54.31,56.77,50.8,12 of 39,66.31,False,nan,SIDEWAYS,NO_TRADE,REJECT,61.54,50.8,0,Validation failed.,nan,nan,nan,nan,0,,,,,20.0,50.15,100.0,56.77,,,,Trade Grade : REJECT,v1.0,,,,,False,ema_alignment=False; market_trend=False; sma_alignment=False,33.33,65.08,50.8,58.0,False,ema_alignment=False; market_trend=False; sma_alignment=False,12.12,34.92,24.66,58.0,Validation failed.
33,2026-07-15,HINDALCO.NS,Basic Materials,Aluminum,NO_TRADE,"BUY engine validation failed (combined score 69.4, need 65). | SELL engine validation failed (combined score 56.7, need 65). | BUY Strength : 73.31 | SELL Strength : 66.27 | Neither BUY nor SELL satisfied minimum requirements. | Trade Grade : REJECT | Decision Quality : 66.82 |  | ========== AI DECISION ========== | Final Action : NO_TRADE | AI rejected the trade due to insufficient conviction. |  | BUY Score : 64.94 | SELL Score : 59.81 | BUY Probability : 81.67% | SELL Probability : 72.73% | R",60.32,974.3,974.3,1176.0,657.5,981.5,1004.71,931.05,49.13,-18.96,30.94,21.1,1.32,1.0,RSI:49.13 STOCH:60.83 ADX:30.94,ATR:21.1,CMF:-0.07 MFI:50.63 VolRatio:1.32,NO,BEAR,NONE,NO,NO,64.94,81.67,60.32,73.31,59.81,34.22,12 of 39,72.73,64.94,60.32,18 of 39,81.67,False,974.3,SIDEWAYS,NO_TRADE,REJECT,73.31,60.32,0,Validation failed.,932.1,1016.5,1048.15,1.0,0,,,,,45.0,54.6,100.0,64.94,,,,Trade Grade : REJECT,v1.0,,,,,False,ema_alignment=False; market_trend=False; sma_alignment=False,51.52,67.53,60.32,58.0,False,ema_alignment=False; market_trend=False; sma_alignment=False,36.36,32.47,34.22,58.0,Validation failed.
34,2026-07-15,GRASIM.NS,Basic Materials,Building Materials,NO_TRADE,"BUY engine validation failed (combined score 57.5, need 65). | SELL engine validation failed (combined score 50.9, need 65). | BUY Strength : 61.52 | SELL Strength : 59.86 | Neither BUY nor SELL satisfied minimum requirements. | Trade Grade : REJECT | Decision Quality : 54.78 |  | ========== AI DECISION ========== | Final Action : NO_TRADE | AI rejected the trade due to insufficient conviction. |  | BUY Score : 56.76 | SELL Score : 55.74 | BUY Probability : 66.28% | SELL Probability : 63.97% | R",48.04,nan,nan,3246.0,2502.5,3149.1,3072.9,2901.59,nan,27.83,11.08,55.36,1.72,nan,RSI:nan STOCH:nan ADX:11.08,ATR:55.36,CMF:-0.09 MFI:62.05 VolRatio:1.72,NO,NEUTRAL,NONE,NO,NO,56.76,66.28,48.04,61.52,55.74,30.14,8 of 39,63.97,56.76,48.04,11 of 39,66.28,False,nan,SIDEWAYS,NO_TRADE,REJECT,61.52,48.04,0,Validation failed.,nan,nan,nan,nan,0,,,,,30.0,50.06,100.0,56.76,,,,Trade Grade : REJECT,v1.0,,,,,False,ema_alignment=True; market_trend=False; sma_alignment=False,27.27,65.03,48.04,58.0,False,ema_alignment=False; market_trend=False; sma_alignment=False,24.24,34.97,30.14,58.0,Validation failed.
35,2026-07-15,DRREDDY.NS,Healthcare,Drug Manufacturers - Specialty & Generic,NO_TRADE,"BUY engine validation failed (combined score 47.0, need 65). | SELL engine validation failed (combined score 63.0, need 65). | BUY Strength : 48.11 | SELL Strength : 68.48 | Neither BUY nor SELL satisfied minimum requirements. | Trade Grade : REJECT | Decision Quality : 59.38 |  | ========== AI DECISION ========== | Final Action : NO_TRADE | AI rejected the trade due to insufficient conviction. |  | BUY Score : 48.92 | SELL Score : 61.33 | BUY Probability : 47.30% | SELL Probability : 75.64% | R",50.27,1246.2,1246.2,1414.9,1148.4,1303.8,1300.36,1276.68,34.7,-7.81,51.11,36.3,0.77,0.95,RSI:34.7 STOCH:12.55 ADX:51.11,ATR:36.3,CMF:-0.15 MFI:37.0 VolRatio:0.77,NO,BEAR,BULLISH_ENGULFING,NO,NO,61.33,75.64,50.27,68.48,61.33,50.27,23 of 39,75.64,48.92,44.27,9 of 39,47.3,False,1246.2,SIDEWAYS,NO_TRADE,REJECT,68.48,50.27,0,Validation failed.,1173.6,1318.8,1373.25,1.0,0,,,,,55.0,51.12,100.0,61.33,,,,Trade Grade : REJECT,v1.0,,,,,True,ema_alignment=True; market_trend=False; sma_alignment=True,18.18,65.62,44.27,58.0,False,ema_alignment=False; market_trend=False; sma_alignment=False,69.7,34.38,50.27,58.0,Validation failed.
36,2026-07-15,CIPLA.NS,Healthcare,Drug Manufacturers - Specialty & Generic,NO_TRADE,"BUY engine validation failed (combined score 40.3, need 65). | SELL engine validation failed (combined score 51.6, need 65). | BUY Strength : 39.50 | SELL Strength : 58.84 | Neither BUY nor SELL satisfied minimum requirements. | Trade Grade : REJECT | Decision Quality : 50.50 |  | ========== AI DECISION ========== | Final Action : NO_TRADE | AI rejected the trade due to insufficient conviction. |  | BUY Score : 43.87 | SELL Score : 55.13 | BUY Probability : 35.14% | SELL Probability : 62.55% | R",42.15,nan,nan,1673.0,1165.7,1430.84,1399.58,1402.22,nan,15.03,54.63,25.85,0.75,nan,RSI:nan STOCH:nan ADX:54.63,ATR:25.85,CMF:-0.17 MFI:70.78 VolRatio:0.75,NO,NEUTRAL,NONE,NO,NO,55.13,62.55,42.15,58.84,55.13,34.67,11 of 39,62.55,43.87,42.15,7 of 39,35.14,False,nan,SIDEWAYS,NO_TRADE,REJECT,58.84,42.15,0,Validation failed.,nan,nan,nan,nan,0,,,,,35.0,44.12,100.0,55.13,,,,Trade Grade : REJECT,v1.0,,,,,False,ema_alignment=False; market_trend=False; sma_alignment=False,18.18,61.77,42.15,58.0,False,ema_alignment=False; market_trend=False; sma_alignment=False,30.3,38.23,34.67,58.0,Validation failed.
37,2026-07-15,EICHERMOT.NS,Consumer Cyclical,Auto Manufacturers,NO_TRADE,"BUY engine validation failed (combined score 47.7, need 65). | SELL engine validation failed (combined score 42.9, need 65). | BUY Strength : 50.33 | SELL Strength : 47.92 | Neither BUY nor SELL satisfied minimum requirements. | Trade Grade : REJECT | Decision Quality : 45.96 |  | ========== AI DECISION ========== | Final Action : NO_TRADE | AI rejected the trade due to insufficient conviction. |  | BUY Score : 50.19 | SELL Score : 48.81 | BUY Probability : 50.47% | SELL Probability : 47.03% | R",41.58,nan,nan,8230.0,5353.0,7376.76,7316.22,7045.17,nan,14.16,22.94,170.32,0.65,nan,RSI:nan STOCH:nan ADX:22.94,ATR:170.32,CMF:-0.2 MFI:29.72 VolRatio:0.65,NO,NEUTRAL,NONE,NO,NO,50.19,50.47,41.58,50.33,48.81,31.15,9 of 39,47.03,50.19,41.58,6 of 39,50.47,False,nan,SIDEWAYS,NO_TRADE,REJECT,50.33,41.58,0,Validation failed.,nan,nan,nan,nan,0,,,,,20.0,51.24,100.0,50.19,,,,Trade Grade : REJECT,v1.0,,,,,False,ema_alignment=True; market_trend=False; sma_alignment=False,12.12,65.68,41.58,58.0,False,ema_alignment=False; market_trend=False; sma_alignment=False,27.27,34.32,31.15,58.0,Validation failed.
38,2026-07-15,BRITANNIA.NS,Consumer Defensive,Packaged Foods,NO_TRADE,"BUY engine validation failed (combined score 48.4, need 65). | SELL engine validation failed (combined score 50.4, need 65). | BUY Strength : 49.53 | SELL Strength : 61.54 | Neither BUY nor SELL satisfied minimum requirements. | Trade Grade : REJECT | Decision Quality : 53.65 |  | ========== AI DECISION ========== | Final Action : NO_TRADE | AI rejected the trade due to insufficient conviction. |  | BUY Score : 49.73 | SELL Score : 56.77 | BUY Probability : 49.33% | SELL Probability : 66.31% | R",45.76,nan,nan,6336.0,5035.0,5303.55,5345.76,5620.91,nan,27.57,24.31,101.86,1.29,nan,RSI:nan STOCH:nan ADX:24.31,ATR:101.86,CMF:0.16 MFI:55.93 VolRatio:1.29,NO,NEUTRAL,NONE,NO,NO,56.77,66.31,45.76,61.54,56.77,24.24,5 of 39,66.31,49.73,45.76,8 of 39,49.33,False,nan,SIDEWAYS,NO_TRADE,REJECT,61.54,45.76,0,Validation failed.,nan,nan,nan,nan,0,,,,,35.0,51.53,100.0,56.77,,,,Trade Grade : REJECT,v1.0,,,,,False,ema_alignment=False; market_trend=False; sma_alignment=False,21.21,65.84,45.76,58.0,False,ema_alignment=True; market_trend=False; sma_alignment=False,12.12,34.16,24.24,58.0,Validation failed.
39,2026-07-15,DIVISLAB.NS,Healthcare,Drug Manufacturers - Specialty & Generic,BUY,"BUY engine validation passed (combined score 87.2). | SELL engine validation failed (combined score 37.2, need 65). | BUY Strength : 89.64 | SELL Strength : 42.86 | BUY engine selected. | Trade Grade : B+ | Decision Quality : 88.54 |  | ========== AI DECISION ========== | Final Action : BUY | AI selected BUY after evaluating all engines. |  | BUY Explanation: | Bullish EMA alignment. | Bullish SMA alignment. | Price above EMA20. | Price above VWAP. | Supertrend is bullish. | Price above Ichimoku",87.45,7188.5,7188.5,7208.5,5636.5,6788.78,6681.11,6497.37,69.79,77.73,27.75,150.43,2.99,1.06,RSI:69.79 STOCH:97.05 ADX:27.75,ATR:150.43,CMF:0.02 MFI:52.86 VolRatio:2.99,YES,BULL,NONE,YES,NO,82.87,96.4,87.45,89.64,45.88,23.96,8 of 39,39.84,82.87,81.49,36 of 39,96.4,False,7188.5,BULL,BUY,REJECT,89.64,87.45,0,Validation failed.,6887.64,7489.36,7715.01,1.0,20,,,,,95.0,59.16,100.0,82.87,WATCH,,,Trade Grade : B+,v1.0,,,,,True,ema_alignment=True; market_trend=True; sma_alignment=True,90.91,73.79,81.49,58.0,False,ema_alignment=False; market_trend=False; sma_alignment=False,21.21,26.21,23.96,58.0,Validation failed.
40,2026-07-15,HEROMOTOCO.NS,Consumer Cyclical,Auto Manufacturers,NO_TRADE,"BUY engine validation failed (combined score 52.3, need 65). | SELL engine validation failed (combined score 41.6, need 65). | BUY Strength : 52.69 | SELL Strength : 49.05 | Neither BUY nor SELL satisfied minimum requirements. | Trade Grade : REJECT | Decision Quality : 51.98 |  | ========== AI DECISION ========== | Final Action : NO_TRADE | AI rejected the trade due to insufficient conviction. |  | BUY Score : 51.54 | SELL Score : 49.46 | BUY Probability : 53.84% | SELL Probability : 48.65% | R",51.28,nan,nan,6388.5,4195.0,4918.81,4982.03,5152.81,nan,-9.02,25.31,104.46,0.9,nan,RSI:nan STOCH:nan ADX:25.31,ATR:104.46,CMF:-0.11 MFI:45.92 VolRatio:0.9,NO,NEUTRAL,NONE,NO,NO,51.54,53.84,51.28,52.69,49.46,24.17,8 of 39,48.65,51.54,51.28,10 of 39,53.84,False,nan,SIDEWAYS,NO_TRADE,REJECT,52.69,51.28,0,Validation failed.,nan,nan,nan,nan,0,,,,,25.0,65.28,100.0,51.54,,,,Trade Grade : REJECT,v1.0,,,,,False,ema_alignment=False; market_trend=False; sma_alignment=False,24.24,73.4,51.28,58.0,False,ema_alignment=True; market_trend=False; sma_alignment=False,21.21,26.6,24.17,58.0,Validation failed.
41,2026-07-15,BPCL.NS,Energy,Oil & Gas Refining & Marketing,NO_TRADE,"BUY engine validation failed (combined score 48.4, need 65). | SELL engine validation failed (combined score 61.4, need 65). | BUY Strength : 48.84 | SELL Strength : 68.60 | Neither BUY nor SELL satisfied minimum requirements. | Trade Grade : REJECT | Decision Quality : 57.92 |  | ========== AI DECISION ========== | Final Action : NO_TRADE | AI rejected the trade due to insufficient conviction. |  | BUY Score : 49.34 | SELL Score : 61.41 | BUY Probability : 48.35% | SELL Probability : 75.79% | R",47.25,305.35,305.35,391.65,266.6,306.7,305.94,323.9,40.35,1.39,22.39,7.46,1.39,0.99,RSI:40.35 STOCH:27.74 ADX:22.39,ATR:7.46,CMF:-0.08 MFI:31.47 VolRatio:1.39,NO,BULL,NONE,NO,NO,61.41,75.79,47.25,68.6,61.41,44.57,23 of 39,75.79,49.34,47.25,7 of 39,48.35,False,305.35,BEAR,NO_TRADE,REJECT,68.6,47.25,0,Validation failed.,290.43,320.27,331.46,1.0,0,,,,,70.0,72.28,100.0,61.41,,,,Trade Grade : REJECT,v1.0,,,,,False,ema_alignment=False; market_trend=False; sma_alignment=False,15.15,73.5,47.25,58.0,False,ema_alignment=False; market_trend=True; sma_alignment=False,66.67,26.5,44.57,58.0,Validation failed.
42,2026-07-15,SBILIFE.NS,Financial Services,Insurance - Life,NO_TRADE,"BUY engine validation failed (combined score 49.7, need 65). | SELL engine validation failed (combined score 56.1, need 65). | BUY Strength : 51.78 | SELL Strength : 65.77 | Neither BUY nor SELL satisfied minimum requirements. | Trade Grade : REJECT | Decision Quality : 55.26 |  | ========== AI DECISION ========== | Final Action : NO_TRADE | AI rejected the trade due to insufficient conviction. |  | BUY Score : 51.02 | SELL Score : 59.48 | BUY Probability : 52.55% | SELL Probability : 72.07% | R",44.74,nan,nan,2132.0,1700.4,1802.39,1815.58,1880.18,nan,9.51,32.56,36.63,1.05,nan,RSI:nan STOCH:nan ADX:32.56,ATR:36.63,CMF:0.07 MFI:75.71 VolRatio:1.05,NO,NEUTRAL,NONE,NO,NO,59.48,72.07,44.74,65.77,59.48,33.44,8 of 39,72.07,51.02,44.74,12 of 39,52.55,False,nan,SIDEWAYS,NO_TRADE,REJECT,65.77,44.74,0,Validation failed.,nan,nan,nan,nan,0,,,,,35.0,30.14,100.0,59.48,,,,Trade Grade : REJECT,v1.0,,,,,False,ema_alignment=False; market_trend=False; sma_alignment=False,33.33,54.08,44.74,58.0,False,ema_alignment=True; market_trend=False; sma_alignment=False,18.18,45.92,33.44,58.0,Validation failed.
43,2026-07-15,HDFCLIFE.NS,Financial Services,Insurance - Life,NO_TRADE,"BUY engine validation failed (combined score 43.2, need 65). | SELL engine validation failed (combined score 64.5, need 65). | BUY Strength : 44.08 | SELL Strength : 74.50 | Neither BUY nor SELL satisfied minimum requirements. | Trade Grade : REJECT | Decision Quality : 57.84 |  | ========== AI DECISION ========== | Final Action : NO_TRADE | AI rejected the trade due to insufficient conviction. |  | BUY Score : 46.59 | SELL Score : 65.91 | BUY Probability : 41.56% | SELL Probability : 83.08% | R",41.18,nan,nan,815.0,543.0,573.27,587.04,658.26,nan,-6.14,27.5,12.39,1.96,nan,RSI:nan STOCH:nan ADX:27.5,ATR:12.39,CMF:-0.05 MFI:25.48 VolRatio:1.96,NO,NEUTRAL,NONE,NO,NO,65.91,83.08,41.18,74.5,65.91,41.18,16 of 39,83.08,46.59,41.09,7 of 39,41.56,False,nan,SIDEWAYS,NO_TRADE,REJECT,74.5,41.18,0,Validation failed.,nan,nan,nan,nan,0,,,,,55.0,40.61,100.0,65.91,,,,Trade Grade : REJECT,v1.0,,,,,False,ema_alignment=False; market_trend=False; sma_alignment=False,18.18,59.84,41.09,58.0,False,ema_alignment=True; market_trend=False; sma_alignment=False,42.42,40.16,41.18,58.0,Validation failed.
44,2026-07-15,INDUSINDBK.NS,Financial Services,Banks - Regional,NO_TRADE,"BUY engine validation failed (combined score 60.1, need 65). | SELL engine validation failed (combined score 31.8, need 65). | BUY Strength : 63.00 | SELL Strength : 35.45 | Neither BUY nor SELL satisfied minimum requirements. | Trade Grade : REJECT | Decision Quality : 58.24 |  | ========== AI DECISION ========== | Final Action : NO_TRADE | AI rejected the trade due to insufficient conviction. |  | BUY Score : 57.68 | SELL Score : 41.32 | BUY Probability : 68.31% | SELL Probability : 29.57% | R",53.48,nan,nan,1038.0,710.6,965.73,933.23,885.04,nan,27.0,44.15,24.09,0.32,nan,RSI:nan STOCH:nan ADX:44.15,ATR:24.09,CMF:0.21 MFI:75.78 VolRatio:0.32,NO,NEUTRAL,NONE,NO,NO,57.68,68.31,53.48,63.0,41.32,23.34,4 of 39,29.57,57.68,53.48,14 of 39,68.31,False,nan,SIDEWAYS,NO_TRADE,REJECT,63.0,53.48,0,Validation failed.,nan,nan,nan,nan,0,,,,,0.0,54.51,100.0,57.68,,,,Trade Grade : REJECT,v1.0,,,,,False,ema_alignment=True; market_trend=False; sma_alignment=False,36.36,67.48,53.48,58.0,False,ema_alignment=False; market_trend=False; sma_alignment=False,12.12,32.52,23.34,58.0,Validation failed.
45,2026-07-15,TECHM.NS,Technology,Information Technology Services,NO_TRADE,"BUY engine validation failed (combined score 65.2, need 65). | SELL engine validation failed (combined score 46.5, need 65). | BUY Strength : 64.40 | SELL Strength : 56.37 | Neither BUY nor SELL satisfied minimum requirements. | Trade Grade : REJECT | Decision Quality : 65.70 |  | ========== AI DECISION ========== | Final Action : NO_TRADE | AI rejected the trade due to insufficient conviction. |  | BUY Score : 58.58 | SELL Score : 53.67 | BUY Probability : 70.22% | SELL Probability : 59.07% | R",67.0,1484.3,1484.3,1854.0,1304.1,1443.9,1445.65,1479.93,53.4,4.19,22.6,43.01,0.81,1.03,RSI:53.4 STOCH:76.06 ADX:22.6,ATR:43.01,CMF:0.02 MFI:67.87 VolRatio:0.81,NO,NEUTRAL,NONE,NO,NO,58.58,70.22,67.0,64.4,53.67,23.45,10 of 39,59.07,58.58,67.0,20 of 39,70.22,False,1484.3,SIDEWAYS,NO_TRADE,REJECT,64.4,67.0,0,Validation failed.,1398.28,1570.32,1634.84,1.0,0,,,,,40.0,72.17,100.0,58.58,,,,Trade Grade : REJECT,v1.0,,,,,False,ema_alignment=False; market_trend=False; sma_alignment=False,54.55,77.19,67.0,58.0,True,ema_alignment=True; market_trend=False; sma_alignment=True,24.24,22.81,23.45,58.0,Validation failed.
46,2026-07-15,APOLLOHOSP.NS,Healthcare,Medical Care Facilities,BUY,"BUY engine validation passed (combined score 75.9). | SELL engine validation failed (combined score 47.5, need 65). | BUY Strength : 79.22 | SELL Strength : 55.34 | BUY engine selected. | Trade Grade : B | Decision Quality : 77.72 |  | ========== AI DECISION ========== | Final Action : BUY | AI selected BUY after evaluating all engines. |  | BUY Explanation: | Bullish EMA alignment. | Bullish SMA alignment. | Price above EMA20. | Price above VWAP. | Supertrend is bullish. | Price above Ichimoku ",76.22,8900.5,8900.5,8950.0,6696.5,8688.86,8413.45,7829.65,69.01,142.25,66.8,140.54,1.39,1.03,RSI:69.01 STOCH:88.06 ADX:66.8,ATR:140.54,CMF:-0.02 MFI:69.38 VolRatio:1.39,NO,BULL,BULLISH_ENGULFING,NO,NO,70.18,88.27,76.22,79.22,53.07,29.09,10 of 39,57.62,70.18,68.18,27 of 39,88.27,False,8900.5,BULL,BUY,REJECT,79.22,76.22,0,Validation failed.,8619.42,9181.58,9392.39,1.0,15,,,,,65.0,51.22,100.0,70.18,WATCH,,,Trade Grade : B,v1.0,,,,,True,ema_alignment=True; market_trend=True; sma_alignment=True,66.67,69.42,68.18,58.0,False,ema_alignment=False; market_trend=False; sma_alignment=False,27.27,30.58,29.09,58.0,Validation failed.
47,2026-07-15,UPL.NS,Basic Materials,Agricultural Inputs,NO_TRADE,"BUY engine validation failed (combined score 50.6, need 65). | SELL engine validation failed (combined score 39.6, need 65). | BUY Strength : 50.89 | SELL Strength : 47.36 | Neither BUY nor SELL satisfied minimum requirements. | Trade Grade : REJECT | Decision Quality : 50.37 |  | ========== AI DECISION ========== | Final Action : NO_TRADE | AI rejected the trade due to insufficient conviction. |  | BUY Score : 50.51 | SELL Score : 48.49 | BUY Probability : 51.27% | SELL Probability : 46.23% | R",49.85,nan,nan,812.2,563.15,596.99,613.99,658.65,nan,-8.45,23.97,15.72,0.42,nan,RSI:nan STOCH:nan ADX:23.97,ATR:15.72,CMF:-0.27 MFI:19.7 VolRatio:0.42,NO,NEUTRAL,NONE,NO,NO,50.51,51.27,49.85,50.89,48.49,21.51,6 of 39,46.23,50.51,49.85,9 of 39,51.27,False,nan,SIDEWAYS,NO_TRADE,REJECT,50.89,49.85,0,Validation failed.,nan,nan,nan,nan,0,,,,,25.0,65.06,100.0,50.51,,,,Trade Grade : REJECT,v1.0,,,,,False,ema_alignment=False; market_trend=False; sma_alignment=False,21.21,73.28,49.85,58.0,False,ema_alignment=True; market_trend=False; sma_alignment=False,15.15,26.72,21.51,58.0,Validation failed.
48,2026-07-15,BAJAJ-AUTO.NS,Consumer Cyclical,Auto Manufacturers,BUY,"BUY engine validation passed (combined score 78.5). | SELL engine validation failed (combined score 42.4, need 65). | BUY Strength : 82.21 | SELL Strength : 49.93 | BUY engine selected. | Trade Grade : B+ | Decision Quality : 80.24 |  | ========== AI DECISION ========== | Final Action : BUY | AI selected BUY after evaluating all engines. |  | BUY Explanation: | Bullish EMA alignment. | Price above EMA20. | Price above VWAP. | Supertrend is bullish. | Bullish market regime. | Healthy RSI momentum",78.28,10166.0,10166.0,10834.0,7858.5,10068.39,10045.22,9556.25,64.52,20.65,25.75,216.32,1.96,1.02,RSI:64.52 STOCH:70.67 ADX:25.75,ATR:216.32,CMF:-0.02 MFI:63.33 VolRatio:1.96,NO,NEUTRAL,NONE,NO,NO,73.29,91.13,78.28,82.21,49.96,24.84,10 of 39,49.9,73.29,69.71,25 of 39,91.13,False,10166.0,BULL,BUY,REJECT,82.21,78.28,0,Validation failed.,9733.36,10598.64,10923.12,1.0,15,,,,,75.0,65.28,100.0,73.29,WATCH,,,Trade Grade : B+,v1.0,,,,,True,ema_alignment=True; market_trend=True; sma_alignment=False,60.61,77.15,69.71,58.0,False,ema_alignment=False; market_trend=False; sma_alignment=False,27.27,22.85,24.84,58.0,Validation failed.
49,2026-07-15,SHREECEM.NS,Basic Materials,Building Materials,NO_TRADE,"BUY engine validation failed (combined score 49.0, need 65). | SELL engine validation failed (combined score 42.8, need 65). | BUY Strength : 50.00 | SELL Strength : 48.25 | Neither BUY nor SELL satisfied minimum requirements. | Trade Grade : REJECT | Decision Quality : 48.33 |  | ========== AI DECISION ========== | Final Action : NO_TRADE | AI rejected the trade due to insufficient conviction. |  | BUY Score : 50.00 | SELL Score : 49.00 | BUY Probability : 50.00% | SELL Probability : 47.50% | R",46.66,nan,nan,32490.0,22550.0,25852.95,25366.7,26302.69,nan,446.29,46.94,525.36,0.44,nan,RSI:nan STOCH:nan ADX:46.94,ATR:525.36,CMF:-0.07 MFI:44.93 VolRatio:0.44,NO,NEUTRAL,NONE,NO,NO,50.0,50.0,46.66,50.0,49.0,30.16,8 of 39,47.5,50.0,46.66,9 of 39,50.0,False,nan,SIDEWAYS,NO_TRADE,REJECT,50.0,46.66,0,Validation failed.,nan,nan,nan,nan,0,,,,,20.0,50.0,100.0,50.0,,,,Trade Grade : REJECT,v1.0,,,,,False,ema_alignment=False; market_trend=False; sma_alignment=False,24.24,65.0,46.66,58.0,False,ema_alignment=False; market_trend=False; sma_alignment=False,24.24,35.0,30.16,58.0,Validation failed.
50,2026-07-15,TATACONSUM.NS,Consumer Defensive,Packaged Foods,NO_TRADE,"BUY engine validation failed (combined score 50.5, need 65). | SELL engine validation failed (combined score 55.7, need 65). | BUY Strength : 50.80 | SELL Strength : 61.57 | Neither BUY nor SELL satisfied minimum requirements. | Trade Grade : REJECT | Decision Quality : 55.67 |  | ========== AI DECISION ========== | Final Action : NO_TRADE | AI rejected the trade due to insufficient conviction. |  | BUY Score : 50.46 | SELL Score : 56.79 | BUY Probability : 51.15% | SELL Probability : 66.35% | R",49.77,1097.6,1097.6,1282.7,1007.2,1111.32,1125.94,1129.9,49.88,-9.09,15.55,25.53,1.0,0.99,RSI:49.88 STOCH:41.88 ADX:15.55,ATR:25.53,CMF:0.03 MFI:61.48 VolRatio:1.0,NO,BEAR,NONE,NO,NO,56.79,66.35,49.77,61.57,56.79,42.05,19 of 39,66.35,50.46,49.77,12 of 39,51.15,False,1097.6,BEAR,NO_TRADE,REJECT,61.57,49.77,0,Validation failed.,1046.54,1148.66,1186.95,1.0,0,,,,,50.0,58.07,100.0,56.79,,,,Trade Grade : REJECT,v1.0,,,,,False,ema_alignment=False; market_trend=False; sma_alignment=False,30.3,65.69,49.77,58.0,True,ema_alignment=True; market_trend=True; sma_alignment=False,51.52,34.31,42.05,58.0,Validation failed.
52,2026-07-15,DMART.NS,Consumer Defensive,Discount Stores,NO_TRADE,"BUY engine validation failed (combined score 49.2, need 65). | SELL engine validation failed (combined score 63.4, need 65). | BUY Strength : 51.23 | SELL Strength : 69.14 | Neither BUY nor SELL satisfied minimum requirements. | Trade Grade : REJECT | Decision Quality : 59.57 |  | ========== AI DECISION ========== | Final Action : NO_TRADE | AI rejected the trade due to insufficient conviction. |  | BUY Score : 50.70 | SELL Score : 61.80 | BUY Probability : 51.75% | SELL Probability : 76.49% | R",50.0,3915.9,3915.9,4949.5,3600.0,4128.47,4173.27,4127.01,24.7,-58.46,39.22,103.95,0.88,0.93,RSI:24.7 STOCH:4.1 ADX:39.22,ATR:103.95,CMF:0.05 MFI:32.0 VolRatio:0.88,NO,BEAR,NONE,NO,NO,61.8,76.49,50.0,69.14,61.8,50.0,22 of 39,76.49,50.7,44.54,10 of 39,51.75,False,3915.9,SIDEWAYS,NO_TRADE,REJECT,69.14,50.0,0,Validation failed.,3708.0,4123.8,4279.73,1.0,0,,,,,50.0,43.0,100.0,61.8,,,,Trade Grade : REJECT,v1.0,,,,,False,ema_alignment=False; market_trend=False; sma_alignment=True,24.24,61.15,44.54,58.0,False,ema_alignment=False; market_trend=False; sma_alignment=False,63.64,38.85,50.0,58.0,Validation failed.
53,2026-07-15,PIDILITIND.NS,Basic Materials,Specialty Chemicals,NO_TRADE,"BUY engine validation failed (combined score 56.8, need 65). | SELL engine validation failed (combined score 50.5, need 65). | BUY Strength : 61.00 | SELL Strength : 58.73 | Neither BUY nor SELL satisfied minimum requirements. | Trade Grade : REJECT | Decision Quality : 54.02 |  | ========== AI DECISION ========== | Final Action : NO_TRADE | AI rejected the trade due to insufficient conviction. |  | BUY Score : 56.44 | SELL Score : 55.06 | BUY Probability : 65.57% | SELL Probability : 62.39% | R",47.03,nan,nan,1626.7,1259.0,1577.47,1527.74,1475.84,nan,22.98,53.03,29.61,1.42,nan,RSI:nan STOCH:nan ADX:53.03,ATR:29.61,CMF:-0.1 MFI:68.49 VolRatio:1.42,NO,NEUTRAL,NONE,NO,NO,56.44,65.57,47.03,61.0,55.06,31.15,9 of 39,62.39,56.44,47.03,10 of 39,65.57,False,nan,SIDEWAYS,NO_TRADE,REJECT,61.0,47.03,0,Validation failed.,nan,nan,nan,nan,0,,,,,30.0,51.24,100.0,56.44,,,,Trade Grade : REJECT,v1.0,,,,,False,ema_alignment=True; market_trend=False; sma_alignment=False,24.24,65.68,47.03,58.0,False,ema_alignment=False; market_trend=False; sma_alignment=False,27.27,34.32,31.15,58.0,Validation failed.
54,2026-07-15,GODREJCP.NS,Consumer Defensive,Household & Personal Products,NO_TRADE,"BUY engine validation failed (combined score 49.7, need 65). | SELL engine validation failed (combined score 36.9, need 65). | BUY Strength : 49.95 | SELL Strength : 43.12 | Neither BUY nor SELL satisfied minimum requirements. | Trade Grade : REJECT | Decision Quality : 49.54 |  | ========== AI DECISION ========== | Final Action : NO_TRADE | AI rejected the trade due to insufficient conviction. |  | BUY Score : 49.97 | SELL Score : 46.03 | BUY Probability : 49.93% | SELL Probability : 40.20% | R",49.12,nan,nan,1309.0,967.05,1056.5,1049.55,1111.36,nan,15.72,25.02,25.65,0.71,nan,RSI:nan STOCH:nan ADX:25.02,ATR:25.65,CMF:0.0 MFI:68.38 VolRatio:0.71,NO,NEUTRAL,NONE,NO,NO,49.97,49.93,49.12,49.95,46.03,22.24,4 of 39,40.2,49.97,49.12,10 of 39,49.93,False,nan,SIDEWAYS,NO_TRADE,REJECT,49.95,49.12,0,Validation failed.,nan,nan,nan,nan,0,,,,,15.0,58.15,100.0,49.97,,,,Trade Grade : REJECT,v1.0,,,,,False,ema_alignment=False; market_trend=False; sma_alignment=False,24.24,69.48,49.12,58.0,False,ema_alignment=False; market_trend=False; sma_alignment=False,12.12,30.52,22.24,58.0,Validation failed.
55,2026-07-15,DABUR.NS,Consumer Defensive,Household & Personal Products,NO_TRADE,"BUY engine validation failed (combined score 51.6, need 65). | SELL engine validation failed (combined score 53.6, need 65). | BUY Strength : 50.30 | SELL Strength : 58.75 | Neither BUY nor SELL satisfied minimum requirements. | Trade Grade : REJECT | Decision Quality : 56.62 |  | ========== AI DECISION ========== | Final Action : NO_TRADE | AI rejected the trade due to insufficient conviction. |  | BUY Score : 50.17 | SELL Score : 55.08 | BUY Probability : 50.42% | SELL Probability : 62.43% | R",54.49,434.45,434.45,577.0,403.35,437.12,439.64,470.68,56.79,1.89,29.57,9.59,0.68,1.0,RSI:56.79 STOCH:37.35 ADX:29.57,ATR:9.59,CMF:0.04 MFI:74.96 VolRatio:0.68,NO,BEAR,NONE,NO,NO,55.08,62.43,54.49,58.75,55.08,41.42,18 of 39,62.43,50.17,54.49,16 of 39,50.42,False,434.45,BEAR,NO_TRADE,REJECT,58.75,54.49,0,Validation failed.,415.27,453.63,468.01,1.0,0,,,,,45.0,51.16,100.0,55.08,,,,Trade Grade : REJECT,v1.0,,,,,False,ema_alignment=False; market_trend=False; sma_alignment=False,45.45,61.89,54.49,58.0,True,ema_alignment=True; market_trend=True; sma_alignment=True,45.45,38.11,41.42,58.0,Validation failed.
56,2026-07-15,MARICO.NS,Consumer Defensive,Household & Personal Products,NO_TRADE,"BUY engine validation failed (combined score 61.1, need 65). | SELL engine validation failed (combined score 30.8, need 65). | BUY Strength : 63.91 | SELL Strength : 34.55 | Neither BUY nor SELL satisfied minimum requirements. | Trade Grade : REJECT | Decision Quality : 59.28 |  | ========== AI DECISION ========== | Final Action : NO_TRADE | AI rejected the trade due to insufficient conviction. |  | BUY Score : 58.26 | SELL Score : 40.74 | BUY Probability : 69.55% | SELL Probability : 28.37% | R",54.66,nan,nan,873.0,690.2,837.19,821.76,778.63,nan,9.27,73.1,15.56,0.62,nan,RSI:nan STOCH:nan ADX:73.1,ATR:15.56,CMF:0.08 MFI:51.69 VolRatio:0.62,NO,NEUTRAL,NONE,NO,NO,58.26,69.55,54.66,63.91,40.74,22.16,4 of 39,28.37,58.26,54.66,15 of 39,69.55,False,nan,SIDEWAYS,NO_TRADE,REJECT,63.91,54.66,0,Validation failed.,nan,nan,nan,nan,0,,,,,0.0,58.41,100.0,58.26,,,,Trade Grade : REJECT,v1.0,,,,,False,ema_alignment=True; market_trend=False; sma_alignment=False,36.36,69.63,54.66,58.0,False,ema_alignment=False; market_trend=False; sma_alignment=False,12.12,30.37,22.16,58.0,Validation failed.
57,2026-07-15,COLPAL.NS,Consumer Defensive,Household & Personal Products,NO_TRADE,"BUY engine validation failed (combined score 41.9, need 65). | SELL engine validation failed (combined score 59.3, need 65). | BUY Strength : 41.30 | SELL Strength : 63.97 | Neither BUY nor SELL satisfied minimum requirements. | Trade Grade : REJECT | Decision Quality : 56.22 |  | ========== AI DECISION ========== | Final Action : NO_TRADE | AI rejected the trade due to insufficient conviction. |  | BUY Score : 44.95 | SELL Score : 58.30 | BUY Probability : 37.64% | SELL Probability : 69.64% | R",48.48,2008.7,2008.7,2504.0,1782.0,2036.39,2047.96,2117.98,56.71,-2.76,14.32,40.0,0.5,0.99,RSI:56.71 STOCH:33.13 ADX:14.32,ATR:40.0,CMF:-0.14 MFI:72.98 VolRatio:0.5,NO,NEUTRAL,NONE,NO,NO,58.3,69.64,48.48,63.97,58.3,48.48,22 of 39,69.64,44.95,43.33,10 of 39,37.64,False,2008.7,BEAR,NO_TRADE,REJECT,63.97,48.48,0,Validation failed.,1928.7,2088.7,2148.7,1.0,0,,,,,50.0,41.32,100.0,58.3,,,,Trade Grade : REJECT,v1.0,,,,,False,ema_alignment=False; market_trend=False; sma_alignment=False,27.27,56.48,43.33,58.0,True,ema_alignment=True; market_trend=True; sma_alignment=True,54.55,43.52,48.48,58.0,Validation failed.
58,2026-07-15,BERGEPAINT.NS,Basic Materials,Specialty Chemicals,NO_TRADE,"BUY engine validation failed (combined score 47.0, need 65). | SELL engine validation failed (combined score 39.6, need 65). | BUY Strength : 48.13 | SELL Strength : 44.90 | Neither BUY nor SELL satisfied minimum requirements. | Trade Grade : REJECT | Decision Quality : 46.21 |  | ========== AI DECISION ========== | Final Action : NO_TRADE | AI rejected the trade due to insufficient conviction. |  | BUY Score : 48.93 | SELL Score : 47.07 | BUY Probability : 47.33% | SELL Probability : 42.73% | R",44.29,nan,nan,594.55,391.1,511.69,505.76,504.69,nan,-3.31,28.87,13.58,0.27,nan,RSI:nan STOCH:nan ADX:28.87,ATR:13.58,CMF:0.17 MFI:29.99 VolRatio:0.27,NO,NEUTRAL,NONE,NO,NO,48.93,47.33,44.29,48.13,47.07,27.08,6 of 39,42.73,48.93,44.29,8 of 39,47.33,False,nan,SIDEWAYS,NO_TRADE,REJECT,48.13,44.29,0,Validation failed.,nan,nan,nan,nan,0,,,,,15.0,51.17,100.0,48.93,,,,Trade Grade : REJECT,v1.0,,,,,False,ema_alignment=True; market_trend=False; sma_alignment=False,18.18,65.64,44.29,58.0,False,ema_alignment=False; market_trend=False; sma_alignment=False,18.18,34.36,27.08,58.0,Validation failed.
59,2026-07-15,HAVELLS.NS,Industrials,Electrical Equipment & Parts,NO_TRADE,"BUY engine validation failed (combined score 58.8, need 65). | SELL engine validation failed (combined score 58.7, need 65). | BUY Strength : 58.59 | SELL Strength : 68.75 | Neither BUY nor SELL satisfied minimum requirements. | Trade Grade : REJECT | Decision Quality : 64.05 |  | ========== AI DECISION ========== | Final Action : NO_TRADE | AI rejected the trade due to insufficient conviction. |  | BUY Score : 54.98 | SELL Score : 61.52 | BUY Probability : 62.20% | SELL Probability : 75.99% | R",59.35,1187.3,1187.3,1621.1,1123.6,1185.35,1199.01,1313.93,50.33,1.4,8.94,27.11,1.06,1.0,RSI:50.33 STOCH:50.16 ADX:8.94,ATR:27.11,CMF:-0.11 MFI:44.44 VolRatio:1.06,NO,NEUTRAL,BULLISH_ENGULFING,NO,YES,61.52,75.99,59.35,68.75,61.52,35.2,15 of 39,75.99,54.98,59.35,19 of 39,62.2,False,1187.3,BEAR,NO_TRADE,REJECT,68.75,59.35,0,Validation failed.,1133.08,1241.52,1282.18,1.0,0,,,,,60.0,58.19,100.0,61.52,,,,Trade Grade : REJECT,v1.0,,,,,False,ema_alignment=False; market_trend=False; sma_alignment=False,51.52,65.75,59.35,58.0,True,ema_alignment=True; market_trend=True; sma_alignment=True,36.36,34.25,35.2,58.0,Validation failed.
60,2026-07-15,SIEMENS.NS,Industrials,Specialty Industrial Machinery,NO_TRADE,"BUY engine validation failed (combined score 41.7, need 65). | SELL engine validation failed (combined score 50.2, need 65). | BUY Strength : 42.42 | SELL Strength : 55.88 | Neither BUY nor SELL satisfied minimum requirements. | Trade Grade : REJECT | Decision Quality : 47.94 |  | ========== AI DECISION ========== | Final Action : NO_TRADE | AI rejected the trade due to insufficient conviction. |  | BUY Score : 45.62 | SELL Score : 53.38 | BUY Probability : 39.22% | SELL Probability : 58.37% | R",40.0,nan,nan,3937.3,2826.0,3565.66,3588.39,3392.26,nan,-49.44,48.23,79.3,0.71,nan,RSI:nan STOCH:nan ADX:48.23,ATR:79.3,CMF:0.04 MFI:35.29 VolRatio:0.71,NO,NEUTRAL,NONE,NO,NO,53.38,58.37,40.0,55.88,53.38,36.82,10 of 39,58.37,45.62,40.0,8 of 39,39.22,False,nan,SIDEWAYS,NO_TRADE,REJECT,55.88,40.0,0,Validation failed.,nan,nan,nan,nan,0,,,,,25.0,32.5,100.0,53.38,,,,Trade Grade : REJECT,v1.0,,,,,False,ema_alignment=False; market_trend=False; sma_alignment=False,21.21,55.38,40.0,58.0,False,ema_alignment=False; market_trend=False; sma_alignment=False,27.27,44.62,36.82,58.0,Validation failed.
61,2026-07-15,ABB.NS,Industrials,Specialty Industrial Machinery,NO_TRADE,"BUY engine validation failed (combined score 65.9, need 65). | SELL engine validation failed (combined score 45.7, need 65). | BUY Strength : 69.64 | SELL Strength : 51.05 | Neither BUY nor SELL satisfied minimum requirements. | Trade Grade : REJECT | Decision Quality : 63.42 |  | ========== AI DECISION ========== | Final Action : NO_TRADE | AI rejected the trade due to insufficient conviction. |  | BUY Score : 62.15 | SELL Score : 50.60 | BUY Probability : 77.12% | SELL Probability : 51.50% | R",57.21,6892.0,6892.0,7822.5,4637.5,6936.73,6890.66,6250.02,46.63,-34.16,18.15,169.36,0.72,0.98,RSI:46.63 STOCH:31.95 ADX:18.15,ATR:169.36,CMF:0.06 MFI:50.86 VolRatio:0.72,NO,NEUTRAL,NONE,NO,NO,62.15,77.12,57.21,69.64,50.6,33.25,13 of 39,51.5,62.15,57.21,19 of 39,77.12,False,6892.0,BULL,NO_TRADE,REJECT,69.64,57.21,0,Validation failed.,6553.28,7230.72,7484.76,1.0,0,,,,,25.0,51.0,100.0,62.15,,,,Trade Grade : REJECT,v1.0,,,,,True,ema_alignment=True; market_trend=True; sma_alignment=True,42.42,69.3,57.21,58.0,False,ema_alignment=False; market_trend=False; sma_alignment=False,36.36,30.7,33.25,58.0,Validation failed.
62,2026-07-15,BOSCHLTD.NS,Consumer Cyclical,Auto Parts,NO_TRADE,"BUY engine validation failed (combined score 51.5, need 65). | SELL engine validation failed (combined score 39.9, need 65). | BUY Strength : 52.41 | SELL Strength : 45.85 | Neither BUY nor SELL satisfied minimum requirements. | Trade Grade : REJECT | Decision Quality : 50.92 |  | ========== AI DECISION ========== | Final Action : NO_TRADE | AI rejected the trade due to insufficient conviction. |  | BUY Score : 51.38 | SELL Score : 47.62 | BUY Probability : 53.44% | SELL Probability : 44.08% | R",49.44,nan,nan,42565.0,28610.0,40714.33,38983.55,37267.42,nan,1046.55,57.86,858.57,0.28,nan,RSI:nan STOCH:nan ADX:57.86,ATR:858.57,CMF:-0.06 MFI:50.21 VolRatio:0.28,NO,NEUTRAL,NONE,NO,NO,51.38,53.44,49.44,52.41,47.62,26.02,7 of 39,44.08,51.38,49.44,11 of 39,53.44,False,nan,SIDEWAYS,NO_TRADE,REJECT,52.41,49.44,0,Validation failed.,nan,nan,nan,nan,0,,,,,20.0,59.19,100.0,51.38,,,,Trade Grade : REJECT,v1.0,,,,,False,ema_alignment=True; market_trend=False; sma_alignment=False,24.24,70.05,49.44,58.0,False,ema_alignment=False; market_trend=False; sma_alignment=False,21.21,29.95,26.02,58.0,Validation failed.
63,2026-07-15,CHOLAFIN.NS,Financial Services,Credit Services,NO_TRADE,"BUY engine validation failed (combined score 62.3, need 65). | SELL engine validation failed (combined score 46.1, need 65). | BUY Strength : 63.62 | SELL Strength : 52.48 | Neither BUY nor SELL satisfied minimum requirements. | Trade Grade : REJECT | Decision Quality : 61.35 |  | ========== AI DECISION ========== | Final Action : NO_TRADE | AI rejected the trade due to insufficient conviction. |  | BUY Score : 58.08 | SELL Score : 51.42 | BUY Probability : 69.17% | SELL Probability : 53.54% | R",59.08,1771.5,1771.5,1875.0,1299.4,1756.89,1679.19,1622.44,46.5,50.7,51.62,43.65,0.79,1.0,RSI:46.5 STOCH:21.77 ADX:51.62,ATR:43.65,CMF:-0.01 MFI:54.88 VolRatio:0.79,NO,BULL,NONE,NO,YES,58.08,69.17,59.08,63.62,51.42,31.38,13 of 39,53.54,58.08,59.08,19 of 39,69.17,False,1771.5,BULL,NO_TRADE,REJECT,63.62,59.08,0,Validation failed.,1684.2,1858.8,1924.28,1.0,0,,,,,35.0,57.19,100.0,58.08,,,,Trade Grade : REJECT,v1.0,,,,,True,ema_alignment=True; market_trend=True; sma_alignment=False,42.42,72.7,59.08,58.0,False,ema_alignment=False; market_trend=False; sma_alignment=False,36.36,27.3,31.38,58.0,Validation failed.
64,2026-07-15,MUTHOOTFIN.NS,Financial Services,Credit Services,NO_TRADE,"BUY engine validation failed (combined score 44.5, need 65). | SELL engine validation failed (combined score 59.3, need 65). | BUY Strength : 42.37 | SELL Strength : 66.05 | Neither BUY nor SELL satisfied minimum requirements. | Trade Grade : REJECT | Decision Quality : 57.79 |  | ========== AI DECISION ========== | Final Action : NO_TRADE | AI rejected the trade due to insufficient conviction. |  | BUY Score : 45.59 | SELL Score : 59.66 | BUY Probability : 39.15% | SELL Probability : 72.43% | R",49.53,3016.4,3016.4,4149.5,2476.6,3079.71,3171.32,3277.49,41.93,-31.72,15.23,85.28,0.62,0.98,RSI:41.93 STOCH:42.78 ADX:15.23,ATR:85.28,CMF:0.04 MFI:36.72 VolRatio:0.62,NO,BEAR,NONE,NO,NO,59.66,72.43,49.53,66.05,59.66,43.65,21 of 39,72.43,45.59,49.53,12 of 39,39.15,False,3016.4,BEAR,NO_TRADE,REJECT,66.05,49.53,0,Validation failed.,2845.84,3186.96,3314.88,1.0,0,,,,,60.0,57.3,100.0,59.66,,,,Trade Grade : REJECT,v1.0,,,,,False,ema_alignment=False; market_trend=False; sma_alignment=False,30.3,65.27,49.53,58.0,True,ema_alignment=True; market_trend=True; sma_alignment=True,54.55,34.73,43.65,58.0,Validation failed.
65,2026-07-15,PNB.NS,Financial Services,Banks - Regional,NO_TRADE,"BUY engine validation failed (combined score 37.9, need 65). | SELL engine validation failed (combined score 65.6, need 65). | BUY Strength : 34.68 | SELL Strength : 72.66 | Neither BUY nor SELL satisfied minimum requirements. | Trade Grade : REJECT | Decision Quality : 60.91 |  | ========== AI DECISION ========== | Final Action : NO_TRADE | AI rejected the trade due to insufficient conviction. |  | BUY Score : 40.82 | SELL Score : 64.43 | BUY Probability : 28.54% | SELL Probability : 80.89% | R",49.16,105.0,105.0,135.15,98.5,105.75,107.01,111.92,41.26,-0.67,27.76,2.12,0.59,0.99,RSI:41.26 STOCH:53.22 ADX:27.76,ATR:2.12,CMF:-0.06 MFI:40.65 VolRatio:0.59,NO,BEAR,NONE,NO,NO,64.43,80.89,49.16,72.66,64.43,49.16,24 of 39,80.89,40.82,45.39,9 of 39,28.54,False,105.0,BEAR,NO_TRADE,REJECT,72.66,49.16,0,Validation failed.,100.76,109.24,112.42,1.0,0,,,,,75.0,57.13,100.0,64.43,,,,Trade Grade : REJECT,v1.0,,,,,False,ema_alignment=False; market_trend=False; sma_alignment=False,21.21,65.17,45.39,58.0,True,ema_alignment=True; market_trend=True; sma_alignment=False,66.67,34.83,49.16,58.0,Validation failed.
66,2026-07-15,BANKBARODA.NS,Financial Services,Banks - Regional,NO_TRADE,"BUY engine validation failed (combined score 32.5, need 65). | SELL engine validation failed (combined score 67.3, need 65). | BUY Strength : 28.86 | SELL Strength : 74.31 | Neither BUY nor SELL satisfied minimum requirements. | Trade Grade : REJECT | Decision Quality : 62.64 |  | ========== AI DECISION ========== | Final Action : NO_TRADE | AI rejected the trade due to insufficient conviction. |  | BUY Score : 36.74 | SELL Score : 65.76 | BUY Probability : 20.98% | SELL Probability : 82.86% | R",50.97,246.6,246.6,325.5,230.81,259.3,266.14,271.36,19.34,-6.97,45.21,6.56,0.68,0.93,RSI:19.34 STOCH:17.51 ADX:45.21,ATR:6.56,CMF:-0.25 MFI:18.99 VolRatio:0.68,NO,BEAR,NONE,NO,NO,65.76,82.86,50.97,74.31,65.76,50.97,24 of 39,82.86,36.74,40.85,7 of 39,20.98,False,246.6,BEAR,NO_TRADE,REJECT,74.31,50.97,0,Validation failed.,233.48,259.72,269.56,1.0,0,,,,,75.0,46.63,100.0,65.76,,,,Trade Grade : REJECT,v1.0,,,,,False,ema_alignment=False; market_trend=False; sma_alignment=False,18.18,59.4,40.85,58.0,True,ema_alignment=True; market_trend=True; sma_alignment=True,63.64,40.6,50.97,58.0,Validation failed.
67,2026-07-15,CANBK.NS,Financial Services,Banks - Regional,NO_TRADE,"BUY engine validation failed (combined score 32.4, need 65). | SELL engine validation failed (combined score 66.8, need 65). | BUY Strength : 30.12 | SELL Strength : 72.85 | Neither BUY nor SELL satisfied minimum requirements. | Trade Grade : REJECT | Decision Quality : 62.81 |  | ========== AI DECISION ========== | Final Action : NO_TRADE | AI rejected the trade due to insufficient conviction. |  | BUY Score : 37.67 | SELL Score : 64.58 | BUY Probability : 22.57% | SELL Probability : 81.12% | R",52.77,125.74,125.74,162.89,103.55,127.93,130.73,133.59,40.85,-1.56,39.99,3.22,0.63,0.98,RSI:40.85 STOCH:47.72 ADX:39.99,ATR:3.22,CMF:-0.22 MFI:30.26 VolRatio:0.63,NO,BEAR,NONE,NO,NO,64.58,81.12,52.77,72.85,64.58,52.77,24 of 39,81.12,37.67,37.68,7 of 39,22.57,False,125.74,BEAR,NO_TRADE,REJECT,72.85,52.77,0,Validation failed.,119.3,132.18,137.01,1.0,0,,,,,65.0,36.16,100.0,64.58,,,,Trade Grade : REJECT,v1.0,,,,,False,ema_alignment=False; market_trend=False; sma_alignment=False,18.18,53.64,37.68,58.0,True,ema_alignment=True; market_trend=True; sma_alignment=True,60.61,46.36,52.77,58.0,Validation failed.
68,2026-07-15,IDFCFIRSTB.NS,Financial Services,Banks - Regional,NO_TRADE,"BUY engine validation failed (combined score 60.4, need 65). | SELL engine validation failed (combined score 50.8, need 65). | BUY Strength : 62.87 | SELL Strength : 55.48 | Neither BUY nor SELL satisfied minimum requirements. | Trade Grade : REJECT | Decision Quality : 58.76 |  | ========== AI DECISION ========== | Final Action : NO_TRADE | AI rejected the trade due to insufficient conviction. |  | BUY Score : 57.60 | SELL Score : 53.15 | BUY Probability : 68.14% | SELL Probability : 57.81% | R",54.64,79.27,79.27,87.0,58.08,78.7,75.69,74.35,50.27,1.56,40.32,1.61,0.61,1.0,RSI:50.27 STOCH:41.86 ADX:40.32,ATR:1.61,CMF:0.02 MFI:50.76 VolRatio:0.61,NO,BULL,NONE,NO,NO,57.6,68.14,54.64,62.87,53.15,39.9,14 of 39,57.81,57.6,54.64,21 of 39,68.14,False,79.27,BULL,NO_TRADE,REJECT,62.87,54.64,0,Validation failed.,76.05,82.49,84.91,1.0,0,,,,,30.0,29.0,100.0,57.6,,,,Trade Grade : REJECT,v1.0,,,,,True,ema_alignment=True; market_trend=True; sma_alignment=False,51.52,57.2,54.64,58.0,False,ema_alignment=False; market_trend=False; sma_alignment=False,36.36,42.8,39.9,58.0,Validation failed.
69,2026-07-15,FEDERALBNK.NS,Financial Services,Banks - Regional,NO_TRADE,"BUY engine validation failed (combined score 53.5, need 65). | SELL engine validation failed (combined score 37.9, need 65). | BUY Strength : 54.91 | SELL Strength : 43.37 | Neither BUY nor SELL satisfied minimum requirements. | Trade Grade : REJECT | Decision Quality : 52.54 |  | ========== AI DECISION ========== | Final Action : NO_TRADE | AI rejected the trade due to insufficient conviction. |  | BUY Score : 52.82 | SELL Score : 46.18 | BUY Probability : 57.00% | SELL Probability : 40.56% | R",50.18,nan,nan,336.5,185.11,324.41,311.63,276.65,nan,6.53,37.85,5.92,0.55,nan,RSI:nan STOCH:nan ADX:37.85,ATR:5.92,CMF:0.15 MFI:87.68 VolRatio:0.55,NO,NEUTRAL,NONE,NO,NO,52.82,57.0,50.18,54.91,46.18,25.28,6 of 39,40.56,52.82,50.18,12 of 39,57.0,False,nan,SIDEWAYS,NO_TRADE,REJECT,54.91,50.18,0,Validation failed.,nan,nan,nan,nan,0,,,,,15.0,57.12,100.0,52.82,,,,Trade Grade : REJECT,v1.0,,,,,False,ema_alignment=True; market_trend=False; sma_alignment=False,27.27,68.92,50.18,58.0,False,ema_alignment=False; market_trend=False; sma_alignment=False,18.18,31.08,25.28,58.0,Validation failed.
70,2026-07-15,AUBANK.NS,Financial Services,Banks - Regional,NO_TRADE,"BUY engine validation failed (combined score 57.6, need 65). | SELL engine validation failed (combined score 33.9, need 65). | BUY Strength : 60.77 | SELL Strength : 37.61 | Neither BUY nor SELL satisfied minimum requirements. | Trade Grade : REJECT | Decision Quality : 55.46 |  | ========== AI DECISION ========== | Final Action : NO_TRADE | AI rejected the trade due to insufficient conviction. |  | BUY Score : 56.30 | SELL Score : 42.70 | BUY Probability : 65.25% | SELL Probability : 32.52% | R",50.14,nan,nan,1090.4,682.15,1041.99,1018.67,953.19,nan,15.31,50.57,24.47,0.48,nan,RSI:nan STOCH:nan ADX:50.57,ATR:24.47,CMF:0.12 MFI:44.52 VolRatio:0.48,NO,NEUTRAL,NONE,NO,NO,56.3,65.25,50.14,60.77,42.7,25.31,6 of 39,32.52,56.3,50.14,12 of 39,65.25,False,nan,SIDEWAYS,NO_TRADE,REJECT,60.77,50.14,0,Validation failed.,nan,nan,nan,nan,0,,,,,5.0,57.0,100.0,56.3,,,,Trade Grade : REJECT,v1.0,,,,,False,ema_alignment=True; market_trend=False; sma_alignment=False,27.27,68.85,50.14,58.0,False,ema_alignment=False; market_trend=False; sma_alignment=False,18.18,31.15,25.31,58.0,Validation failed.
71,2026-07-15,BANDHANBNK.NS,Financial Services,Banks - Regional,BUY,"BUY engine validation passed (combined score 70.6). | SELL engine validation failed (combined score 33.0, need 65). | BUY Strength : 73.77 | SELL Strength : 37.20 | BUY engine selected. | Trade Grade : B | Decision Quality : 72.27 |  | ========== AI DECISION ========== | Final Action : BUY | AI selected BUY after evaluating all engines. |  | BUY Explanation: | Bullish EMA alignment. | Bullish SMA alignment. | Price above EMA20. | Price above VWAP. | Supertrend is bullish. | Price above Ichimoku ",70.77,207.87,207.87,218.13,134.25,205.43,200.42,180.46,46.67,1.09,20.98,7.2,0.63,1.01,RSI:46.67 STOCH:67.34 ADX:20.98,ATR:7.2,CMF:-0.01 MFI:62.28 VolRatio:0.63,NO,BULL,NONE,NO,NO,65.31,82.22,70.77,73.77,42.44,23.24,7 of 39,31.95,65.31,63.13,23 of 39,82.22,True,207.87,BULL,BUY,ACCEPT,73.77,70.77,24,OK,193.47,222.27,233.07,1.0,10,,,,,65.0,57.05,100.0,65.31,WATCH,,,Trade Grade : B,v1.0,,,,,True,ema_alignment=True; market_trend=True; sma_alignment=True,51.52,72.63,63.13,58.0,False,ema_alignment=False; market_trend=False; sma_alignment=False,18.18,27.37,23.24,58.0,
72,2026-07-15,PFC.NS,Financial Services,Credit Services,NO_TRADE,"BUY engine validation failed (combined score 42.6, need 65). | SELL engine validation failed (combined score 48.8, need 65). | BUY Strength : 43.06 | SELL Strength : 55.20 | Neither BUY nor SELL satisfied minimum requirements. | Trade Grade : REJECT | Decision Quality : 48.39 |  | ========== AI DECISION ========== | Final Action : NO_TRADE | AI rejected the trade due to insufficient conviction. |  | BUY Score : 46.00 | SELL Score : 52.99 | BUY Probability : 40.13% | SELL Probability : 57.42% | R",41.57,nan,nan,486.5,329.9,420.0,426.02,415.53,nan,-6.63,31.48,8.14,0.79,nan,RSI:nan STOCH:nan ADX:31.48,ATR:8.14,CMF:-0.13 MFI:29.45 VolRatio:0.79,NO,NEUTRAL,NONE,NO,NO,52.99,57.42,41.57,55.2,52.99,33.88,10 of 39,57.42,46.0,41.57,6 of 39,40.13,False,nan,SIDEWAYS,NO_TRADE,REJECT,55.2,41.57,0,Validation failed.,nan,nan,nan,nan,0,,,,,30.0,46.7,100.0,52.99,,,,Trade Grade : REJECT,v1.0,,,,,False,ema_alignment=False; market_trend=False; sma_alignment=False,15.15,63.19,41.57,58.0,False,ema_alignment=False; market_trend=False; sma_alignment=False,30.3,36.81,33.88,58.0,Validation failed.
73,2026-07-15,RECLTD.NS,Financial Services,Credit Services,NO_TRADE,"BUY engine validation failed (combined score 28.9, need 65). | SELL engine validation failed (combined score 60.2, need 65). | BUY Strength : 27.15 | SELL Strength : 58.39 | Neither BUY nor SELL satisfied minimum requirements. | Trade Grade : REJECT | Decision Quality : 61.36 |  | ========== AI DECISION ========== | Final Action : NO_TRADE | AI rejected the trade due to insufficient conviction. |  | BUY Score : 35.42 | SELL Score : 54.86 | BUY Probability : 18.88% | SELL Probability : 61.92% | R",64.32,352.45,352.45,408.25,304.05,356.28,353.41,358.55,34.31,0.52,45.28,6.73,0.68,0.98,RSI:34.31 STOCH:25.33 ADX:45.28,ATR:6.73,CMF:-0.02 MFI:47.08 VolRatio:0.68,NO,BULL,NONE,NO,NO,54.86,61.92,64.32,58.39,54.86,64.32,25 of 39,61.92,35.42,32.96,8 of 39,18.88,False,352.45,BEAR,NO_TRADE,REJECT,58.39,64.32,0,Validation failed.,338.99,365.91,376.0,1.0,0,,,,,60.0,44.2,0.0,54.86,,,,Trade Grade : REJECT,v1.0,,,,,False,ema_alignment=False; market_trend=False; sma_alignment=False,24.24,40.09,32.96,58.0,False,ema_alignment=False; market_trend=True; sma_alignment=False,69.7,59.91,64.32,58.0,Validation failed.
74,2026-07-15,IRFC.NS,Financial Services,Credit Services,NO_TRADE,"BUY engine validation failed (combined score 31.5, need 65). | SELL engine validation failed (combined score 70.7, need 65). | BUY Strength : 27.55 | SELL Strength : 78.53 | Neither BUY nor SELL satisfied minimum requirements. | Trade Grade : REJECT | Decision Quality : 65.43 |  | ========== AI DECISION ========== | Final Action : NO_TRADE | AI rejected the trade due to insufficient conviction. |  | BUY Score : 35.74 | SELL Score : 69.51 | BUY Probability : 19.37% | SELL Probability : 87.56% | R",52.33,88.71,88.71,138.0,86.93,91.7,95.25,107.2,30.84,-2.27,47.33,1.36,0.4,0.96,RSI:30.84 STOCH:33.46 ADX:47.33,ATR:1.36,CMF:-0.19 MFI:19.05 VolRatio:0.4,NO,BEAR,NONE,NO,NO,69.51,87.56,52.33,78.53,69.51,52.33,25 of 39,87.56,35.74,40.85,7 of 39,19.37,False,88.71,BEAR,NO_TRADE,REJECT,78.53,52.33,0,Validation failed.,85.99,91.43,93.47,1.0,0,,,,,85.0,46.63,100.0,69.51,,,,Trade Grade : REJECT,v1.0,,,,,False,ema_alignment=False; market_trend=False; sma_alignment=False,18.18,59.4,40.85,58.0,True,ema_alignment=True; market_trend=True; sma_alignment=True,66.67,40.6,52.33,58.0,Validation failed.
75,2026-07-15,GAIL.NS,Utilities,Utilities - Regulated Gas,NO_TRADE,"BUY engine validation failed (combined score 58.1, need 65). | SELL engine validation failed (combined score 55.9, need 65). | BUY Strength : 61.69 | SELL Strength : 60.10 | Neither BUY nor SELL satisfied minimum requirements. | Trade Grade : REJECT | Decision Quality : 55.68 |  | ========== AI DECISION ========== | Final Action : NO_TRADE | AI rejected the trade due to insufficient conviction. |  | BUY Score : 56.86 | SELL Score : 55.89 | BUY Probability : 66.51% | SELL Probability : 64.31% | R",49.66,171.51,171.51,188.89,134.36,172.31,169.09,168.04,40.87,0.9,27.94,3.07,0.81,0.99,RSI:40.87 STOCH:41.62 ADX:27.94,ATR:3.07,CMF:-0.17 MFI:36.07 VolRatio:0.81,NO,BULL,NONE,NO,NO,56.86,66.51,49.66,61.69,55.89,46.25,22 of 39,64.31,56.86,49.66,15 of 39,66.51,False,171.51,BULL,NO_TRADE,REJECT,61.69,49.66,0,Validation failed.,165.37,177.65,182.25,1.0,0,,,,,40.0,44.09,100.0,56.86,,,,Trade Grade : REJECT,v1.0,,,,,True,ema_alignment=True; market_trend=True; sma_alignment=True,30.3,65.5,49.66,58.0,False,ema_alignment=False; market_trend=False; sma_alignment=False,60.61,34.5,46.25,58.0,Validation failed.
76,2026-07-15,IOC.NS,Energy,Oil & Gas Refining & Marketing,NO_TRADE,"BUY engine validation failed (combined score 42.2, need 65). | SELL engine validation failed (combined score 66.8, need 65). | BUY Strength : 41.01 | SELL Strength : 76.03 | Neither BUY nor SELL satisfied minimum requirements. | Trade Grade : REJECT | Decision Quality : 60.69 |  | ========== AI DECISION ========== | Final Action : NO_TRADE | AI rejected the trade due to insufficient conviction. |  | BUY Score : 44.78 | SELL Score : 67.22 | BUY Probability : 37.24% | SELL Probability : 84.84% | R",45.35,137.05,137.05,188.96,130.22,140.42,141.92,149.47,26.89,-0.79,20.78,2.92,1.01,0.97,RSI:26.89 STOCH:3.87 ADX:20.78,ATR:2.92,CMF:-0.25 MFI:35.15 VolRatio:1.01,NO,BEAR,NONE,NO,NO,67.22,84.84,45.35,76.03,67.22,45.35,23 of 39,84.84,44.78,45.11,7 of 39,37.24,False,137.05,BEAR,NO_TRADE,REJECT,76.03,45.35,0,Validation failed.,131.21,142.89,147.27,1.0,0,,,,,80.0,65.21,100.0,67.22,,,,Trade Grade : REJECT,v1.0,,,,,False,ema_alignment=False; market_trend=False; sma_alignment=False,15.15,69.62,45.11,58.0,True,ema_alignment=True; market_trend=True; sma_alignment=False,63.64,30.38,45.35,58.0,Validation failed.
77,2026-07-15,HINDPETRO.NS,Energy,Oil & Gas Refining & Marketing,NO_TRADE,"BUY engine validation failed (combined score 47.1, need 65). | SELL engine validation failed (combined score 66.1, need 65). | BUY Strength : 47.90 | SELL Strength : 73.31 | Neither BUY nor SELL satisfied minimum requirements. | Trade Grade : REJECT | Decision Quality : 61.36 |  | ========== AI DECISION ========== | Final Action : NO_TRADE | AI rejected the trade due to insufficient conviction. |  | BUY Score : 48.80 | SELL Score : 64.95 | BUY Probability : 47.00% | SELL Probability : 81.68% | R",49.41,386.0,386.0,508.45,316.2,394.31,391.44,406.69,33.56,0.37,15.97,9.84,1.53,0.97,RSI:33.56 STOCH:11.34 ADX:15.97,ATR:9.84,CMF:-0.14 MFI:33.12 VolRatio:1.53,NO,NEUTRAL,NONE,NO,NO,64.95,81.68,49.41,73.31,64.95,49.41,25 of 39,81.68,48.8,45.14,7 of 39,47.0,False,386.0,BEAR,NO_TRADE,REJECT,73.31,49.41,0,Validation failed.,366.32,405.68,420.44,1.0,0,,,,,70.0,65.31,100.0,64.95,,,,Trade Grade : REJECT,v1.0,,,,,False,ema_alignment=False; market_trend=False; sma_alignment=False,15.15,69.67,45.14,58.0,False,ema_alignment=False; market_trend=True; sma_alignment=False,72.73,30.33,49.41,58.0,Validation failed.
78,2026-07-15,VEDL.NS,Basic Materials,Other Industrial Metals & Mining,NO_TRADE,"BUY engine validation failed (combined score 41.0, need 65). | SELL engine validation failed (combined score 66.6, need 65). | BUY Strength : 38.82 | SELL Strength : 73.75 | Neither BUY nor SELL satisfied minimum requirements. | Trade Grade : REJECT | Decision Quality : 61.82 |  | ========== AI DECISION ========== | Final Action : NO_TRADE | AI rejected the trade due to insufficient conviction. |  | BUY Score : 43.45 | SELL Score : 65.30 | BUY Probability : 34.19% | SELL Probability : 82.20% | R",49.89,267.7,267.7,795.0,266.2,284.14,342.42,476.77,35.82,-16.96,28.51,6.52,0.45,0.95,RSI:35.82 STOCH:7.08 ADX:28.51,ATR:6.52,CMF:-0.27 MFI:45.9 VolRatio:0.45,NO,BEAR,NONE,NO,NO,65.3,82.2,49.89,73.75,65.3,49.89,25 of 39,82.2,43.45,46.02,9 of 39,34.19,False,267.7,BEAR,NO_TRADE,REJECT,73.75,49.89,0,Validation failed.,254.66,280.74,290.52,1.0,0,,,,,75.0,54.7,100.0,65.3,,,,Trade Grade : REJECT,v1.0,,,,,False,ema_alignment=False; market_trend=False; sma_alignment=False,24.24,63.84,46.02,58.0,True,ema_alignment=True; market_trend=True; sma_alignment=True,66.67,36.16,49.89,58.0,Validation failed.
79,2026-07-15,JINDALSTEL.NS,Basic Materials,Steel,NO_TRADE,"BUY engine validation failed (combined score 57.8, need 65). | SELL engine validation failed (combined score 49.4, need 65). | BUY Strength : 62.93 | SELL Strength : 56.70 | Neither BUY nor SELL satisfied minimum requirements. | Trade Grade : REJECT | Decision Quality : 54.42 |  | ========== AI DECISION ========== | Final Action : NO_TRADE | AI rejected the trade due to insufficient conviction. |  | BUY Score : 57.64 | SELL Score : 53.86 | BUY Probability : 68.22% | SELL Probability : 59.53% | R",45.92,nan,nan,1306.2,927.2,1071.74,1123.74,1114.84,nan,-35.04,35.86,26.35,1.49,nan,RSI:nan STOCH:nan ADX:35.86,ATR:26.35,CMF:-0.26 MFI:26.88 VolRatio:1.49,NO,NEUTRAL,NONE,NO,NO,57.64,68.22,45.92,62.93,53.86,32.26,9 of 39,59.53,57.64,45.92,9 of 39,68.22,False,nan,SIDEWAYS,NO_TRADE,REJECT,62.93,45.92,0,Validation failed.,nan,nan,nan,nan,0,,,,,25.0,47.57,100.0,57.64,,,,Trade Grade : REJECT,v1.0,,,,,False,ema_alignment=False; market_trend=False; sma_alignment=False,24.24,63.66,45.92,58.0,False,ema_alignment=False; market_trend=False; sma_alignment=False,27.27,36.34,32.26,58.0,Validation failed.
80,2026-07-15,SAIL.NS,Basic Materials,Steel,NO_TRADE,"BUY engine validation failed (combined score 59.8, need 65). | SELL engine validation failed (combined score 52.9, need 65). | BUY Strength : 61.11 | SELL Strength : 59.86 | Neither BUY nor SELL satisfied minimum requirements. | Trade Grade : REJECT | Decision Quality : 58.89 |  | ========== AI DECISION ========== | Final Action : NO_TRADE | AI rejected the trade due to insufficient conviction. |  | BUY Score : 56.51 | SELL Score : 55.74 | BUY Probability : 65.72% | SELL Probability : 63.97% | R",56.67,166.45,166.45,209.7,118.1,171.61,176.54,162.19,41.5,-5.02,34.43,4.37,0.72,0.97,RSI:41.5 STOCH:32.9 ADX:34.43,ATR:4.37,CMF:-0.07 MFI:54.57 VolRatio:0.72,NO,BEAR,NONE,NO,NO,56.51,65.72,56.67,61.11,55.74,36.51,16 of 39,63.97,56.51,56.67,14 of 39,65.72,False,166.45,SIDEWAYS,NO_TRADE,REJECT,61.11,56.67,0,Validation failed.,157.71,175.19,181.74,1.0,0,,,,,45.0,65.06,100.0,56.51,,,,Trade Grade : REJECT,v1.0,,,,,False,ema_alignment=False; market_trend=False; sma_alignment=False,36.36,73.28,56.67,58.0,False,ema_alignment=False; market_trend=False; sma_alignment=False,48.48,26.72,36.51,58.0,Validation failed.
81,2026-07-15,NMDC.NS,Basic Materials,Steel,NO_TRADE,"BUY engine validation failed (combined score 69.4, need 65). | SELL engine validation failed (combined score 55.2, need 65). | BUY Strength : 73.11 | SELL Strength : 65.00 | Neither BUY nor SELL satisfied minimum requirements. | Trade Grade : REJECT | Decision Quality : 66.96 |  | ========== AI DECISION ========== | Final Action : NO_TRADE | AI rejected the trade due to insufficient conviction. |  | BUY Score : 64.78 | SELL Score : 58.97 | BUY Probability : 81.43% | SELL Probability : 71.03% | R",60.81,84.99,84.99,97.49,67.75,85.74,86.8,82.45,45.75,-1.17,34.46,1.63,1.14,0.99,RSI:45.75 STOCH:50.64 ADX:34.46,ATR:1.63,CMF:-0.04 MFI:43.48 VolRatio:1.14,NO,BEAR,NONE,NO,NO,64.78,81.43,60.81,73.11,58.97,32.37,13 of 39,71.03,64.78,60.81,17 of 39,81.43,False,84.99,SIDEWAYS,NO_TRADE,REJECT,73.11,60.81,0,Validation failed.,81.73,88.25,90.69,1.0,0,,,,,50.0,65.23,100.0,64.78,,,,Trade Grade : REJECT,v1.0,,,,,False,ema_alignment=False; market_trend=False; sma_alignment=False,45.45,73.38,60.81,58.0,False,ema_alignment=False; market_trend=False; sma_alignment=False,39.39,26.62,32.37,58.0,Validation failed.
82,2026-07-15,AMBUJACEM.NS,Basic Materials,Building Materials,NO_TRADE,"BUY engine validation failed (combined score 55.2, need 65). | SELL engine validation failed (combined score 38.6, need 65). | BUY Strength : 54.72 | SELL Strength : 47.02 | Neither BUY nor SELL satisfied minimum requirements. | Trade Grade : REJECT | Decision Quality : 55.54 |  | ========== AI DECISION ========== | Final Action : NO_TRADE | AI rejected the trade due to insufficient conviction. |  | BUY Score : 52.71 | SELL Score : 48.29 | BUY Probability : 56.73% | SELL Probability : 45.74% | R",56.37,nan,nan,624.95,394.0,429.4,433.83,484.67,nan,0.72,27.31,9.15,0.93,nan,RSI:nan STOCH:nan ADX:27.31,ATR:9.15,CMF:0.11 MFI:71.87 VolRatio:0.93,NO,NEUTRAL,NONE,NO,NO,52.71,56.73,56.37,54.72,48.29,19.09,6 of 39,45.74,52.71,56.37,12 of 39,56.73,False,nan,SIDEWAYS,NO_TRADE,REJECT,54.72,56.37,0,Validation failed.,nan,nan,nan,nan,0,,,,,25.0,73.08,100.0,52.71,,,,Trade Grade : REJECT,v1.0,,,,,False,ema_alignment=False; market_trend=False; sma_alignment=False,30.3,77.69,56.37,58.0,False,ema_alignment=True; market_trend=False; sma_alignment=False,15.15,22.31,19.09,58.0,Validation failed.
83,2026-07-15,ACC.NS,Basic Materials,Building Materials,NO_TRADE,"BUY engine validation failed (combined score 46.3, need 65). | SELL engine validation failed (combined score 44.3, need 65). | BUY Strength : 46.05 | SELL Strength : 52.20 | Neither BUY nor SELL satisfied minimum requirements. | Trade Grade : REJECT | Decision Quality : 49.60 |  | ========== AI DECISION ========== | Final Action : NO_TRADE | AI rejected the trade due to insufficient conviction. |  | BUY Score : 47.74 | SELL Score : 51.26 | BUY Probability : 44.37% | SELL Probability : 53.15% | R",47.0,nan,nan,1998.0,1251.7,1359.91,1372.19,1550.88,nan,4.52,19.75,26.76,0.56,nan,RSI:nan STOCH:nan ADX:19.75,ATR:26.76,CMF:0.04 MFI:62.52 VolRatio:0.56,NO,NEUTRAL,NONE,NO,NO,51.26,53.15,47.0,52.2,51.26,25.73,5 of 39,53.15,47.74,47.0,10 of 39,44.37,False,nan,SIDEWAYS,NO_TRADE,REJECT,52.2,47.0,0,Validation failed.,nan,nan,nan,nan,0,,,,,25.0,46.61,100.0,51.26,,,,Trade Grade : REJECT,v1.0,,,,,False,ema_alignment=False; market_trend=False; sma_alignment=False,27.27,63.14,47.0,58.0,False,ema_alignment=True; market_trend=False; sma_alignment=False,12.12,36.86,25.73,58.0,Validation failed.
84,2026-07-15,DLF.NS,Real Estate,Real Estate - Development,NO_TRADE,"BUY engine validation failed (combined score 67.0, need 65). | SELL engine validation failed (combined score 40.1, need 65). | BUY Strength : 68.45 | SELL Strength : 44.67 | Neither BUY nor SELL satisfied minimum requirements. | Trade Grade : REJECT | Decision Quality : 66.06 |  | ========== AI DECISION ========== | Final Action : NO_TRADE | AI rejected the trade due to insufficient conviction. |  | BUY Score : 61.31 | SELL Score : 46.94 | BUY Probability : 75.60% | SELL Probability : 42.41% | R",63.66,671.45,671.45,856.45,489.4,644.93,620.36,648.93,64.9,19.8,32.77,20.68,0.52,1.04,RSI:64.9 STOCH:75.34 ADX:32.77,ATR:20.68,CMF:0.09 MFI:73.27 VolRatio:0.52,NO,BULL,NONE,NO,NO,61.31,75.6,63.66,68.45,46.94,29.52,8 of 39,42.41,61.31,63.66,21 of 39,75.6,False,671.45,SIDEWAYS,NO_TRADE,REJECT,68.45,63.66,0,Validation failed.,630.09,712.81,743.83,1.0,0,,,,,20.0,52.1,100.0,61.31,,,,Trade Grade : REJECT,v1.0,,,,,False,ema_alignment=False; market_trend=False; sma_alignment=False,60.61,66.16,63.66,58.0,False,ema_alignment=False; market_trend=False; sma_alignment=False,24.24,33.84,29.52,58.0,Validation failed.
85,2026-07-15,GODREJPROP.NS,Real Estate,Real Estate - Development,NO_TRADE,"BUY engine validation failed (combined score 71.3, need 65). | SELL engine validation failed (combined score 45.8, need 65). | BUY Strength : 73.09 | SELL Strength : 52.58 | Neither BUY nor SELL satisfied minimum requirements. | Trade Grade : REJECT | Decision Quality : 70.12 |  | ========== AI DECISION ========== | Final Action : NO_TRADE | AI rejected the trade due to insufficient conviction. |  | BUY Score : 64.77 | SELL Score : 51.48 | BUY Probability : 81.41% | SELL Probability : 53.69% | R",67.14,2107.4,2107.4,2407.9,1434.0,1959.31,1857.06,1880.15,75.07,93.13,63.12,60.85,1.15,1.09,RSI:75.07 STOCH:82.24 ADX:63.12,ATR:60.85,CMF:0.24 MFI:79.43 VolRatio:1.15,NO,BULL,NONE,NO,NO,64.77,81.41,67.14,73.09,51.48,30.13,8 of 39,53.69,64.77,67.14,24 of 39,81.41,False,2107.4,SIDEWAYS,NO_TRADE,REJECT,73.09,67.14,0,Validation failed.,1985.7,2229.1,2320.38,1.0,0,,,,,25.0,50.1,100.0,64.77,,,,Trade Grade : REJECT,v1.0,,,,,False,ema_alignment=False; market_trend=False; sma_alignment=False,69.7,65.06,67.14,58.0,False,ema_alignment=False; market_trend=False; sma_alignment=False,24.24,34.95,30.13,58.0,Validation failed.
86,2026-07-15,OBEROIRLTY.NS,Real Estate,Real Estate - Development,NO_TRADE,"BUY engine validation failed (combined score 61.2, need 65). | SELL engine validation failed (combined score 32.5, need 65). | BUY Strength : 64.31 | SELL Strength : 37.26 | Neither BUY nor SELL satisfied minimum requirements. | Trade Grade : REJECT | Decision Quality : 59.14 |  | ========== AI DECISION ========== | Final Action : NO_TRADE | AI rejected the trade due to insufficient conviction. |  | BUY Score : 58.52 | SELL Score : 42.48 | BUY Probability : 70.10% | SELL Probability : 32.04% | R",53.97,nan,nan,1986.1,1391.2,1818.95,1735.7,1667.96,nan,66.78,60.86,57.25,0.93,nan,RSI:nan STOCH:nan ADX:60.86,ATR:57.25,CMF:0.09 MFI:70.58 VolRatio:0.93,NO,NEUTRAL,NONE,NO,NO,58.52,70.1,53.97,64.31,42.48,21.49,5 of 39,32.04,58.52,53.97,13 of 39,70.1,False,nan,SIDEWAYS,NO_TRADE,REJECT,64.31,53.97,0,Validation failed.,nan,nan,nan,nan,0,,,,,5.0,65.15,100.0,58.52,,,,Trade Grade : REJECT,v1.0,,,,,False,ema_alignment=True; market_trend=False; sma_alignment=False,30.3,73.33,53.97,58.0,False,ema_alignment=False; market_trend=False; sma_alignment=False,15.15,26.67,21.49,58.0,Validation failed.
87,2026-07-15,LUPIN.NS,Healthcare,Drug Manufacturers - Specialty & Generic,BUY,"BUY engine validation passed (combined score 81.9). | SELL engine validation failed (combined score 36.4, need 65). | BUY Strength : 85.74 | SELL Strength : 40.97 | BUY engine selected. | Trade Grade : B+ | Decision Quality : 83.58 |  | ========== AI DECISION ========== | Final Action : BUY | AI selected BUY after evaluating all engines. |  | BUY Explanation: | Bullish EMA alignment. | Bullish SMA alignment. | Price above EMA20. | Price above VWAP. | Supertrend is bullish. | Price above Ichimoku",81.42,2469.2,2469.2,2526.9,1836.8,2420.79,2359.87,2221.55,65.57,50.35,61.08,49.69,1.03,1.02,RSI:65.57 STOCH:69.63 ADX:61.08,ATR:49.69,CMF:0.02 MFI:61.96 VolRatio:1.03,NO,BULL,NONE,NO,NO,77.49,93.99,81.42,85.74,44.76,25.59,9 of 39,37.19,77.49,73.04,30 of 39,93.99,True,2469.2,BULL,BUY,ACCEPT,85.74,81.42,2,OK,2369.82,2568.58,2643.11,1.0,15,,,,,85.0,58.27,100.0,77.49,WATCH,,,Trade Grade : B+,v1.0,,,,,True,ema_alignment=True; market_trend=True; sma_alignment=True,72.73,73.3,73.04,58.0,False,ema_alignment=False; market_trend=False; sma_alignment=False,24.24,26.7,25.59,58.0,
88,2026-07-15,AUROPHARMA.NS,Healthcare,Drug Manufacturers - Specialty & Generic,BUY,"BUY engine validation passed (combined score 72.1). | SELL engine validation failed (combined score 37.2, need 65). | BUY Strength : 74.32 | SELL Strength : 41.34 | BUY engine selected. | Trade Grade : B | Decision Quality : 73.82 |  | ========== AI DECISION ========== | Final Action : BUY | AI selected BUY after evaluating all engines. |  | BUY Explanation: | Bullish EMA alignment. | Bullish SMA alignment. | Price above EMA20. | Price above VWAP. | Supertrend is bullish. | Price above Ichimoku ",73.31,1552.8,1552.8,1636.8,1016.1,1543.51,1491.66,1329.29,53.8,26.28,57.59,39.52,0.37,1.01,RSI:53.8 STOCH:19.85 ADX:57.59,ATR:39.52,CMF:0.09 MFI:67.68 VolRatio:0.37,NO,BULL,NONE,NO,NO,65.77,82.88,73.31,74.32,44.98,27.62,12 of 39,37.71,65.77,66.93,24 of 39,82.88,False,1552.8,BULL,BUY,REJECT,74.32,73.31,0,Validation failed.,1473.76,1631.84,1691.12,1.0,10,,,,,55.0,65.1,100.0,65.77,WATCH,,,Trade Grade : B,v1.0,,,,,True,ema_alignment=True; market_trend=True; sma_alignment=True,54.55,77.06,66.93,58.0,False,ema_alignment=False; market_trend=False; sma_alignment=False,33.33,22.95,27.62,58.0,Validation failed.
89,2026-07-15,ALKEM.NS,Healthcare,Drug Manufacturers - Specialty & Generic,NO_TRADE,"BUY engine validation failed (combined score 65.8, need 65). | SELL engine validation failed (combined score 43.6, need 65). | BUY Strength : 71.06 | SELL Strength : 50.52 | Neither BUY nor SELL satisfied minimum requirements. | Trade Grade : REJECT | Decision Quality : 62.30 |  | ========== AI DECISION ========== | Final Action : NO_TRADE | AI rejected the trade due to insufficient conviction. |  | BUY Score : 63.20 | SELL Score : 50.30 | BUY Probability : 78.92% | SELL Probability : 50.75% | R",53.53,nan,nan,5933.5,4738.5,5522.6,5467.6,5425.5,nan,65.04,75.48,116.75,2.99,nan,RSI:nan STOCH:nan ADX:75.48,ATR:116.75,CMF:-0.15 MFI:72.73 VolRatio:2.99,NO,NEUTRAL,NONE,NO,NO,63.2,78.92,53.53,71.06,50.3,27.38,7 of 39,50.75,63.2,53.53,14 of 39,78.92,False,nan,SIDEWAYS,NO_TRADE,REJECT,71.06,53.53,0,Validation failed.,nan,nan,nan,nan,0,,,,,15.0,54.68,100.0,63.2,,,,Trade Grade : REJECT,v1.0,,,,,False,ema_alignment=True; market_trend=False; sma_alignment=False,36.36,67.57,53.53,58.0,False,ema_alignment=False; market_trend=False; sma_alignment=False,21.21,32.43,27.38,58.0,Validation failed.
90,2026-07-15,TORNTPHARM.NS,Healthcare,Drug Manufacturers - Specialty & Generic,NO_TRADE,"BUY engine validation failed (combined score 63.2, need 65). | SELL engine validation failed (combined score 43.2, need 65). | BUY Strength : 69.22 | SELL Strength : 49.39 | Neither BUY nor SELL satisfied minimum requirements. | Trade Grade : REJECT | Decision Quality : 59.26 |  | ========== AI DECISION ========== | Final Action : NO_TRADE | AI rejected the trade due to insufficient conviction. |  | BUY Score : 61.85 | SELL Score : 49.65 | BUY Probability : 76.58% | SELL Probability : 49.13% | R",49.29,nan,nan,5010.0,3314.2,4703.0,4539.64,4155.84,nan,125.44,57.32,99.19,1.42,nan,RSI:nan STOCH:nan ADX:57.32,ATR:99.19,CMF:0.19 MFI:80.95 VolRatio:1.42,NO,NEUTRAL,NONE,NO,NO,61.85,76.58,49.29,69.22,49.65,28.89,6 of 39,49.13,61.85,49.29,14 of 39,76.58,False,nan,SIDEWAYS,NO_TRADE,REJECT,69.22,49.29,0,Validation failed.,nan,nan,nan,nan,0,,,,,10.0,40.67,100.0,61.85,,,,Trade Grade : REJECT,v1.0,,,,,False,ema_alignment=True; market_trend=False; sma_alignment=False,36.36,59.87,49.29,58.0,False,ema_alignment=False; market_trend=False; sma_alignment=False,15.15,40.13,28.89,58.0,Validation failed.
91,2026-07-15,BIOCON.NS,Healthcare,Biotechnology,BUY,"BUY engine validation passed (combined score 82.6). | SELL engine validation failed (combined score 36.1, need 65). | BUY Strength : 86.99 | SELL Strength : 41.58 | BUY engine selected. | Trade Grade : B+ | Decision Quality : 84.22 |  | ========== AI DECISION ========== | Final Action : BUY | AI selected BUY after evaluating all engines. |  | BUY Explanation: | Bullish EMA alignment. | Bullish SMA alignment. | Price above EMA20. | Price above VWAP. | Supertrend is bullish. | Price above Ichimoku",81.45,437.3,437.3,444.5,331.0,416.54,410.23,390.93,58.14,1.24,23.32,13.56,7.16,1.05,RSI:58.14 STOCH:85.5 ADX:23.32,ATR:13.56,CMF:0.08 MFI:81.4 VolRatio:7.16,YES,BULL,NONE,YES,NO,79.13,94.85,81.45,86.99,45.12,23.4,5 of 39,38.04,79.13,72.51,31 of 39,94.85,True,437.3,BULL,BUY,ACCEPT,86.99,81.45,15,OK,410.18,464.42,484.76,1.0,15,,,,,95.0,47.51,100.0,79.13,WATCH,,,Trade Grade : B+,v1.0,,,,,True,ema_alignment=True; market_trend=True; sma_alignment=True,78.79,67.38,72.51,58.0,False,ema_alignment=False; market_trend=False; sma_alignment=False,12.12,32.62,23.4,58.0,
92,2026-07-15,MAXHEALTH.NS,Healthcare,Medical Care Facilities,NO_TRADE,"BUY engine validation failed (combined score 54.9, need 65). | SELL engine validation failed (combined score 55.0, need 65). | BUY Strength : 55.95 | SELL Strength : 61.63 | Neither BUY nor SELL satisfied minimum requirements. | Trade Grade : REJECT | Decision Quality : 57.04 |  | ========== AI DECISION ========== | Final Action : NO_TRADE | AI rejected the trade due to insufficient conviction. |  | BUY Score : 53.42 | SELL Score : 56.83 | BUY Probability : 58.47% | SELL Probability : 66.44% | R",52.46,1092.9,1092.9,1301.7,903.0,1096.34,1063.5,1072.35,52.28,18.2,72.81,32.69,1.0,0.99,RSI:52.28 STOCH:18.83 ADX:72.81,ATR:32.69,CMF:0.11 MFI:55.88 VolRatio:1.0,NO,BULL,NONE,NO,NO,56.83,66.44,52.46,61.63,56.83,39.36,15 of 39,66.44,53.42,52.46,13 of 39,58.47,False,1092.9,SIDEWAYS,NO_TRADE,REJECT,61.63,52.46,0,Validation failed.,1027.52,1158.28,1207.32,1.0,0,,,,,45.0,51.14,100.0,56.83,,,,Trade Grade : REJECT,v1.0,,,,,False,ema_alignment=False; market_trend=False; sma_alignment=False,36.36,65.63,52.46,58.0,False,ema_alignment=False; market_trend=False; sma_alignment=False,45.45,34.37,39.36,58.0,Validation failed.
93,2026-07-15,APOLLOTYRE.NS,Consumer Cyclical,Auto Parts,NO_TRADE,"BUY engine validation failed (combined score 51.4, need 65). | SELL engine validation failed (combined score 49.5, need 65). | BUY Strength : 52.64 | SELL Strength : 60.27 | Neither BUY nor SELL satisfied minimum requirements. | Trade Grade : REJECT | Decision Quality : 54.39 |  | ========== AI DECISION ========== | Final Action : NO_TRADE | AI rejected the trade due to insufficient conviction. |  | BUY Score : 51.51 | SELL Score : 55.99 | BUY Probability : 53.77% | SELL Probability : 64.54% | R",48.5,nan,nan,540.5,365.3,432.77,422.76,444.49,nan,10.04,38.52,12.74,1.07,nan,RSI:nan STOCH:nan ADX:38.52,ATR:12.74,CMF:-0.01 MFI:81.54 VolRatio:1.07,NO,NEUTRAL,NONE,NO,NO,55.99,64.54,48.5,60.27,55.99,24.23,7 of 39,64.54,51.51,48.5,8 of 39,53.77,False,nan,SIDEWAYS,NO_TRADE,REJECT,60.27,48.5,0,Validation failed.,nan,nan,nan,nan,0,,,,,40.0,65.09,100.0,55.99,,,,Trade Grade : REJECT,v1.0,,,,,False,ema_alignment=False; market_trend=False; sma_alignment=False,18.18,73.3,48.5,58.0,False,ema_alignment=False; market_trend=False; sma_alignment=False,21.21,26.7,24.23,58.0,Validation failed.
94,2026-07-15,MRF.NS,Consumer Cyclical,Auto Parts,NO_TRADE,"BUY engine validation failed (combined score 48.9, need 65). | SELL engine validation failed (combined score 31.3, need 65). | BUY Strength : 50.03 | SELL Strength : 33.41 | Neither BUY nor SELL satisfied minimum requirements. | Trade Grade : REJECT | Decision Quality : 48.17 |  | ========== AI DECISION ========== | Final Action : NO_TRADE | AI rejected the trade due to insufficient conviction. |  | BUY Score : 50.02 | SELL Score : 39.98 | BUY Probability : 50.05% | SELL Probability : 26.85% | R",46.31,nan,nan,163600.0,122000.0,131304.99,130310.15,137680.65,nan,1703.31,22.38,3150.36,0.81,nan,RSI:nan STOCH:nan ADX:22.38,ATR:3150.36,CMF:0.03 MFI:64.37 VolRatio:0.81,NO,NEUTRAL,NONE,NO,NO,50.02,50.05,46.31,50.03,39.98,26.42,4 of 39,26.85,50.02,46.31,10 of 39,50.05,False,nan,SIDEWAYS,NO_TRADE,REJECT,50.03,46.31,0,Validation failed.,nan,nan,nan,nan,0,,,,,15.0,65.12,0.0,50.02,,,,Trade Grade : REJECT,v1.0,,,,,False,ema_alignment=False; market_trend=False; sma_alignment=False,27.27,61.88,46.31,58.0,False,ema_alignment=False; market_trend=False; sma_alignment=False,12.12,38.12,26.42,58.0,Validation failed.
95,2026-07-15,BALKRISIND.NS,Consumer Cyclical,Auto Parts,NO_TRADE,"BUY engine validation failed (combined score 55.1, need 65). | SELL engine validation failed (combined score 50.1, need 65). | BUY Strength : 60.15 | SELL Strength : 57.91 | Neither BUY nor SELL satisfied minimum requirements. | Trade Grade : REJECT | Decision Quality : 51.82 |  | ========== AI DECISION ========== | Final Action : NO_TRADE | AI rejected the trade due to insufficient conviction. |  | BUY Score : 55.92 | SELL Score : 54.58 | BUY Probability : 64.38% | SELL Probability : 61.25% | R",43.48,nan,nan,2801.3,1970.0,2205.92,2203.2,2305.2,nan,10.36,11.82,64.6,1.15,nan,RSI:nan STOCH:nan ADX:11.82,ATR:64.6,CMF:-0.07 MFI:36.47 VolRatio:1.15,NO,NEUTRAL,NONE,NO,NO,55.92,64.38,43.48,60.15,54.58,31.97,8 of 39,61.25,55.92,43.48,9 of 39,64.38,False,nan,SIDEWAYS,NO_TRADE,REJECT,60.15,43.48,0,Validation failed.,nan,nan,nan,nan,0,,,,,25.0,39.5,100.0,55.92,,,,Trade Grade : REJECT,v1.0,,,,,False,ema_alignment=False; market_trend=False; sma_alignment=False,24.24,59.23,43.48,58.0,False,ema_alignment=False; market_trend=False; sma_alignment=False,21.21,40.78,31.97,58.0,Validation failed.
96,2026-07-15,MOTHERSON.NS,Consumer Cyclical,Auto Parts,NO_TRADE,"BUY engine validation failed (combined score 65.1, need 65). | SELL engine validation failed (combined score 45.1, need 65). | BUY Strength : 68.67 | SELL Strength : 48.74 | Neither BUY nor SELL satisfied minimum requirements. | Trade Grade : REJECT | Decision Quality : 62.65 |  | ========== AI DECISION ========== | Final Action : NO_TRADE | AI rejected the trade due to insufficient conviction. |  | BUY Score : 61.46 | SELL Score : 49.28 | BUY Probability : 75.88% | SELL Probability : 48.20% | R",56.63,142.06,142.06,155.25,89.7,144.34,140.14,124.85,44.7,0.45,18.65,4.36,0.59,0.97,RSI:44.7 STOCH:28.86 ADX:18.65,ATR:4.36,CMF:0.09 MFI:27.54 VolRatio:0.59,NO,BULL,NONE,NO,NO,61.46,75.88,56.63,68.67,49.28,36.56,17 of 39,48.2,61.46,56.63,18 of 39,75.88,False,142.06,BULL,NO_TRADE,REJECT,68.67,56.63,0,Validation failed.,133.34,150.78,157.32,1.0,0,,,,,30.0,58.1,100.0,61.46,,,,Trade Grade : REJECT,v1.0,,,,,True,ema_alignment=True; market_trend=True; sma_alignment=True,36.36,73.2,56.63,58.0,False,ema_alignment=False; market_trend=False; sma_alignment=False,48.48,26.8,36.56,58.0,Validation failed.
97,2026-07-15,BHARATFORG.NS,Consumer Cyclical,Auto Parts,NO_TRADE,"BUY engine validation failed (combined score 49.4, need 65). | SELL engine validation failed (combined score 42.4, need 65). | BUY Strength : 50.59 | SELL Strength : 47.66 | Neither BUY nor SELL satisfied minimum requirements. | Trade Grade : REJECT | Decision Quality : 48.57 |  | ========== AI DECISION ========== | Final Action : NO_TRADE | AI rejected the trade due to insufficient conviction. |  | BUY Score : 50.34 | SELL Score : 48.66 | BUY Probability : 50.85% | SELL Probability : 46.66% | R",46.55,nan,nan,2238.0,1100.5,2097.3,2012.25,1716.54,nan,40.89,55.53,60.78,0.43,nan,RSI:nan STOCH:nan ADX:55.53,ATR:60.78,CMF:0.14 MFI:72.14 VolRatio:0.43,NO,NEUTRAL,NONE,NO,NO,50.34,50.85,46.55,50.59,48.66,30.27,7 of 39,46.66,50.34,46.55,12 of 39,50.85,False,nan,SIDEWAYS,NO_TRADE,REJECT,50.59,46.55,0,Validation failed.,nan,nan,nan,nan,0,,,,,15.0,40.62,100.0,50.34,,,,Trade Grade : REJECT,v1.0,,,,,False,ema_alignment=True; market_trend=False; sma_alignment=False,30.3,59.84,46.55,58.0,False,ema_alignment=False; market_trend=False; sma_alignment=False,18.18,40.16,30.27,58.0,Validation failed.
98,2026-07-15,ASHOKLEY.NS,Industrials,Farm & Heavy Construction Machinery,NO_TRADE,"BUY engine validation failed (combined score 42.2, need 65). | SELL engine validation failed (combined score 66.1, need 65). | BUY Strength : 42.27 | SELL Strength : 74.87 | Neither BUY nor SELL satisfied minimum requirements. | Trade Grade : REJECT | Decision Quality : 60.33 |  | ========== AI DECISION ========== | Final Action : NO_TRADE | AI rejected the trade due to insufficient conviction. |  | BUY Score : 45.53 | SELL Score : 66.22 | BUY Probability : 39.01% | SELL Probability : 83.51% | R",45.79,155.19,155.19,215.42,114.96,158.09,159.09,160.72,50.37,0.68,20.12,4.78,1.05,0.98,RSI:50.37 STOCH:13.26 ADX:20.12,ATR:4.78,CMF:-0.03 MFI:55.86 VolRatio:1.05,NO,NEUTRAL,NONE,NO,NO,66.22,83.51,45.79,74.87,66.22,45.79,20 of 39,83.51,45.53,41.94,7 of 39,39.01,False,155.19,BEAR,NO_TRADE,REJECT,74.87,45.79,0,Validation failed.,145.63,164.75,171.92,1.0,0,,,,,70.0,50.22,100.0,66.22,,,,Trade Grade : REJECT,v1.0,,,,,False,ema_alignment=False; market_trend=False; sma_alignment=False,18.18,61.37,41.94,58.0,True,ema_alignment=True; market_trend=True; sma_alignment=False,54.55,38.63,45.79,58.0,Validation failed.
99,2026-07-15,TVSMOTOR.NS,Consumer Cyclical,Auto Manufacturers,BUY,"BUY engine validation passed (combined score 69.1). | SELL engine validation failed (combined score 35.2, need 65). | BUY Strength : 72.37 | SELL Strength : 38.98 | BUY engine selected. | Trade Grade : B | Decision Quality : 70.71 |  | ========== AI DECISION ========== | Final Action : BUY | AI selected BUY after evaluating all engines. |  | BUY Explanation: | Bullish EMA alignment. | Price above EMA20. | Price above VWAP. | Supertrend is bullish. | Price above Ichimoku Cloud. | Bullish market r",69.05,3608.4,3608.4,3970.0,2728.7,3568.45,3524.0,3480.22,61.82,57.1,21.64,94.87,0.64,1.01,RSI:61.82 STOCH:51.85 ADX:21.64,ATR:94.87,CMF:-0.07 MFI:49.06 VolRatio:0.64,NO,BULL,NONE,NO,NO,64.2,80.53,69.05,72.37,43.55,26.33,8 of 39,34.41,64.2,61.39,21 of 39,80.53,True,3608.4,BULL,BUY,ACCEPT,72.37,69.05,1,OK,3418.66,3798.14,3940.45,1.0,10,,,,,65.0,51.32,100.0,64.2,WATCH,,,Trade Grade : B,v1.0,,,,,True,ema_alignment=True; market_trend=True; sma_alignment=False,51.52,69.48,61.39,58.0,False,ema_alignment=False; market_trend=False; sma_alignment=False,21.21,30.52,26.33,58.0,
100,2026-07-15,TRENT.NS,Consumer Cyclical,Apparel Retail,NO_TRADE,"BUY engine validation failed (combined score 38.7, need 65). | SELL engine validation failed (combined score 59.5, need 65). | BUY Strength : 37.20 | SELL Strength : 62.01 | Neither BUY nor SELL satisfied minimum requirements. | Trade Grade : REJECT | Decision Quality : 57.83 |  | ========== AI DECISION ========== | Final Action : NO_TRADE | AI rejected the trade due to insufficient conviction. |  | BUY Score : 42.44 | SELL Score : 57.06 | BUY Probability : 31.95% | SELL Probability : 66.95% | R",53.66,2869.1,2869.1,5674.0,2183.67,3037.05,2959.11,3342.41,20.15,-3.58,56.15,84.74,0.35,0.91,RSI:20.15 STOCH:2.55 ADX:56.15,ATR:84.74,CMF:-0.08 MFI:36.46 VolRatio:0.35,NO,BULL,NONE,NO,NO,57.06,66.95,53.66,62.01,57.06,53.66,25 of 39,66.95,42.44,42.25,7 of 39,31.95,False,2869.1,BEAR,NO_TRADE,REJECT,62.01,53.66,0,Validation failed.,2699.62,3038.58,3165.69,1.0,0,,,,,55.0,51.27,100.0,57.06,,,,Trade Grade : REJECT,v1.0,,,,,False,ema_alignment=False; market_trend=False; sma_alignment=False,18.18,61.95,42.25,58.0,False,ema_alignment=False; market_trend=True; sma_alignment=False,72.73,38.05,53.66,58.0,Validation failed.
101,2026-07-15,NAUKRI.NS,Communication Services,Internet Content & Information,NO_TRADE,"BUY engine validation failed (combined score 65.9, need 65). | SELL engine validation failed (combined score 37.0, need 65). | BUY Strength : 65.67 | SELL Strength : 41.95 | Neither BUY nor SELL satisfied minimum requirements. | Trade Grade : REJECT | Decision Quality : 66.09 |  | ========== AI DECISION ========== | Final Action : NO_TRADE | AI rejected the trade due to insufficient conviction. |  | BUY Score : 59.41 | SELL Score : 45.34 | BUY Probability : 71.93% | SELL Probability : 38.56% | R",66.51,1187.95,1187.95,1485.0,908.3,1084.51,1038.55,1131.34,78.84,54.31,33.54,38.73,0.22,1.12,RSI:78.84 STOCH:84.12 ADX:33.54,ATR:38.73,CMF:0.06 MFI:82.56 VolRatio:0.22,NO,BULL,NONE,NO,NO,59.41,71.93,66.51,65.67,45.34,25.3,8 of 39,38.56,59.41,66.51,21 of 39,71.93,False,1187.95,SIDEWAYS,NO_TRADE,REJECT,65.67,66.51,0,Validation failed.,1110.49,1265.41,1323.51,1.0,0,,,,,20.0,66.05,100.0,59.41,,,,Trade Grade : REJECT,v1.0,,,,,False,ema_alignment=False; market_trend=False; sma_alignment=False,57.58,73.83,66.51,58.0,False,ema_alignment=False; market_trend=False; sma_alignment=False,24.24,26.17,25.3,58.0,Validation failed.
102,2026-07-15,INDIGO.NS,Industrials,Airlines,NO_TRADE,"BUY engine validation failed (combined score 51.7, need 65). | SELL engine validation failed (combined score 65.2, need 65). | BUY Strength : 55.02 | SELL Strength : 73.23 | Neither BUY nor SELL satisfied minimum requirements. | Trade Grade : REJECT | Decision Quality : 59.80 |  | ========== AI DECISION ========== | Final Action : NO_TRADE | AI rejected the trade due to insufficient conviction. |  | BUY Score : 52.88 | SELL Score : 64.88 | BUY Probability : 57.15% | SELL Probability : 81.58% | R",46.36,5108.0,5108.0,6232.5,3895.2,5167.2,4915.61,4975.69,45.93,134.17,46.7,127.93,1.23,0.98,RSI:45.93 STOCH:10.56 ADX:46.7,ATR:127.93,CMF:0.28 MFI:53.66 VolRatio:1.23,NO,BULL,NONE,NO,NO,64.88,81.58,46.36,73.23,64.88,46.36,17 of 39,81.58,52.88,44.09,11 of 39,57.15,False,5108.0,SIDEWAYS,NO_TRADE,REJECT,73.23,46.36,0,Validation failed.,4852.14,5363.86,5555.76,1.0,0,,,,,55.0,32.5,100.0,64.88,,,,Trade Grade : REJECT,v1.0,,,,,False,ema_alignment=False; market_trend=False; sma_alignment=False,30.3,55.38,44.09,58.0,False,ema_alignment=False; market_trend=False; sma_alignment=False,48.48,44.62,46.36,58.0,Validation failed.
103,2026-07-15,ETERNAL.NS,Consumer Cyclical,Internet Retail,NO_TRADE,"BUY engine validation failed (combined score 69.2, need 65). | SELL engine validation failed (combined score 48.7, need 65). | BUY Strength : 71.66 | SELL Strength : 56.25 | Neither BUY nor SELL satisfied minimum requirements. | Trade Grade : REJECT | Decision Quality : 67.50 |  | ========== AI DECISION ========== | Final Action : NO_TRADE | AI rejected the trade due to insufficient conviction. |  | BUY Score : 63.65 | SELL Score : 53.60 | BUY Probability : 79.66% | SELL Probability : 58.90% | R",63.33,286.15,286.15,368.45,212.6,274.74,263.32,268.24,78.6,9.78,56.13,8.06,1.36,1.05,RSI:78.6 STOCH:70.32 ADX:56.13,ATR:8.06,CMF:0.07 MFI:74.66 VolRatio:1.36,NO,BULL,BULLISH_ENGULFING,NO,NO,63.65,79.66,63.33,71.66,53.6,31.22,9 of 39,58.9,63.65,63.33,21 of 39,79.66,False,286.15,SIDEWAYS,NO_TRADE,REJECT,71.66,63.33,0,Validation failed.,270.03,302.27,314.36,1.0,0,,,,,30.0,51.01,100.0,63.65,,,,Trade Grade : REJECT,v1.0,,,,,False,ema_alignment=False; market_trend=False; sma_alignment=False,60.61,65.56,63.33,58.0,False,ema_alignment=False; market_trend=False; sma_alignment=False,27.27,34.44,31.22,58.0,Validation failed.
104,2026-07-15,PAYTM.NS,Technology,Software - Infrastructure,NO_TRADE,"BUY engine validation failed (combined score 60.6, need 65). | SELL engine validation failed (combined score 45.8, need 65). | BUY Strength : 66.67 | SELL Strength : 52.48 | Neither BUY nor SELL satisfied minimum requirements. | Trade Grade : REJECT | Decision Quality : 56.60 |  | ========== AI DECISION ========== | Final Action : NO_TRADE | AI rejected the trade due to insufficient conviction. |  | BUY Score : 60.08 | SELL Score : 51.42 | BUY Probability : 73.26% | SELL Probability : 53.54% | R",46.52,nan,nan,1397.4,930.6,1203.79,1153.86,1143.66,nan,57.1,57.68,41.59,1.35,nan,RSI:nan STOCH:nan ADX:57.68,ATR:41.59,CMF:0.28 MFI:87.48 VolRatio:1.35,NO,NEUTRAL,NONE,NO,NO,60.08,73.26,46.52,66.67,51.42,30.29,7 of 39,53.54,60.08,46.52,12 of 39,73.26,False,nan,SIDEWAYS,NO_TRADE,REJECT,66.67,46.52,0,Validation failed.,nan,nan,nan,nan,0,,,,,15.0,40.54,100.0,60.08,,,,Trade Grade : REJECT,v1.0,,,,,False,ema_alignment=True; market_trend=False; sma_alignment=False,30.3,59.8,46.52,58.0,False,ema_alignment=False; market_trend=False; sma_alignment=False,18.18,40.2,30.29,58.0,Validation failed.
105,2026-07-15,IRCTC.NS,Consumer Cyclical,Travel Services,SELL,"BUY engine validation failed (combined score 37.8, need 65). | SELL engine validation passed (combined score 76.7). | BUY Strength : 36.39 | SELL Strength : 84.39 | SELL engine selected. | Trade Grade : B | Decision Quality : 78.42 |  | ========== AI DECISION ========== | Final Action : SELL | AI selected SELL after evaluating all engines. |  | SELL Explanation: | Bearish EMA alignment. | Bearish SMA alignment. | Price below EMA20. | Price below VWAP. | Supertrend is bearish. | Price below Ichim",72.46,496.95,496.95,781.9,492.65,507.52,520.28,592.59,30.24,-6.45,34.8,6.62,1.41,0.98,RSI:30.24 STOCH:4.32 ADX:34.8,ATR:6.62,CMF:-0.3 MFI:22.64 VolRatio:1.41,NO,BEAR,NONE,NO,NO,75.82,92.97,72.46,84.39,75.82,58.78,30 of 39,92.97,41.93,41.22,7 of 39,30.85,True,496.95,BEAR,SELL,ACCEPT,84.39,72.46,13,OK,510.19,483.71,473.78,1.0,15,,,,,95.0,47.85,100.0,75.82,WATCH,,,Trade Grade : B,v1.0,,,,,False,ema_alignment=False; market_trend=False; sma_alignment=False,18.18,60.07,41.22,58.0,True,ema_alignment=True; market_trend=True; sma_alignment=True,81.82,39.93,58.78,58.0,
